timestamp,open,high,low,close,volume,open_interest
2025-06-04 09:15:00+05:30,1414.7,1414.8,1410.0,1412.2,287192,0
2025-06-04 09:16:00+05:30,1412.1,1412.3,1410.6,1410.8,60269,0
2025-06-04 09:17:00+05:30,1410.9,1411.0,1408.6,1410.1,42025,0
2025-06-04 09:18:00+05:30,1410.0,1411.8,1409.6,1410.4,31221,0
2025-06-04 09:19:00+05:30,1410.4,1410.4,1407.0,1407.9,59997,0
2025-06-04 09:20:00+05:30,1407.7,1408.9,1407.2,1408.4,14993,0
2025-06-04 09:21:00+05:30,1408.0,1408.6,1406.5,1406.9,45784,0
2025-06-04 09:22:00+05:30,1407.0,1407.5,1406.1,1407.5,13285,0
2025-06-04 09:23:00+05:30,1407.1,1407.5,1406.3,1407.0,20306,0
2025-06-04 09:24:00+05:30,1407.1,1408.0,1407.0,1407.3,22188,0
2025-06-04 09:25:00+05:30,1407.3,1408.4,1407.1,1407.8,12712,0
2025-06-04 09:26:00+05:30,1407.6,1409.8,1407.6,1409.4,18762,0
2025-06-04 09:27:00+05:30,1409.8,1410.0,1409.0,1409.2,13391,0
2025-06-04 09:28:00+05:30,1409.2,1410.0,1408.5,1408.6,26482,0
2025-06-04 09:29:00+05:30,1408.5,1408.6,1407.1,1407.5,14106,0
2025-06-04 09:30:00+05:30,1407.5,1408.4,1406.6,1407.1,20655,0
2025-06-04 09:31:00+05:30,1407.0,1407.3,1406.2,1406.5,33180,0
2025-06-04 09:32:00+05:30,1406.2,1407.9,1406.2,1407.6,9133,0
2025-06-04 09:33:00+05:30,1407.6,1408.3,1407.2,1407.6,20249,0
2025-06-04 09:34:00+05:30,1407.6,1408.4,1407.0,1407.2,20193,0
2025-06-04 09:35:00+05:30,1407.0,1407.6,1406.2,1406.5,18924,0
2025-06-04 09:36:00+05:30,1406.5,1408.5,1406.5,1408.2,15128,0
2025-06-04 09:37:00+05:30,1408.2,1409.5,1408.2,1409.1,12475,0
2025-06-04 09:38:00+05:30,1409.1,1409.2,1408.0,1408.0,10348,0
2025-06-04 09:39:00+05:30,1408.1,1408.6,1407.1,1408.5,17920,0
2025-06-04 09:40:00+05:30,1408.5,1409.5,1408.5,1409.0,7247,0
2025-06-04 09:41:00+05:30,1409.0,1409.5,1408.4,1408.4,23190,0
2025-06-04 09:42:00+05:30,1408.4,1408.5,1408.0,1408.1,7084,0
2025-06-04 09:43:00+05:30,1408.0,1408.1,1407.1,1407.2,13046,0
2025-06-04 09:44:00+05:30,1407.2,1408.0,1407.1,1407.2,5821,0
2025-06-04 09:45:00+05:30,1407.2,1407.4,1407.0,1407.2,7953,0
2025-06-04 09:46:00+05:30,1407.2,1407.7,1407.0,1407.1,6294,0
2025-06-04 09:47:00+05:30,1407.0,1407.7,1406.8,1406.9,12130,0
2025-06-04 09:48:00+05:30,1406.8,1407.4,1406.5,1407.0,8325,0
2025-06-04 09:49:00+05:30,1407.4,1407.6,1406.2,1407.2,6993,0
2025-06-04 09:50:00+05:30,1407.2,1407.6,1407.0,1407.0,7935,0
2025-06-04 09:51:00+05:30,1407.3,1407.3,1406.3,1406.5,20411,0
2025-06-04 09:52:00+05:30,1407.0,1407.7,1406.6,1407.6,3876,0
2025-06-04 09:53:00+05:30,1407.6,1408.4,1407.6,1408.1,6651,0
2025-06-04 09:54:00+05:30,1408.2,1409.0,1408.2,1408.7,3982,0
2025-06-04 09:55:00+05:30,1408.7,1409.5,1408.7,1409.2,14143,0
2025-06-04 09:56:00+05:30,1409.1,1409.7,1409.1,1409.6,9024,0
2025-06-04 09:57:00+05:30,1409.6,1409.8,1408.3,1408.4,14448,0
2025-06-04 09:58:00+05:30,1408.5,1409.0,1408.4,1408.6,3065,0
2025-06-04 09:59:00+05:30,1408.6,1409.3,1408.6,1408.8,4439,0
2025-06-04 10:00:00+05:30,1408.8,1409.3,1408.8,1409.0,3934,0
2025-06-04 10:01:00+05:30,1409.3,1409.4,1408.9,1408.9,4805,0
2025-06-04 10:02:00+05:30,1409.1,1409.1,1408.5,1408.7,4408,0
2025-06-04 10:03:00+05:30,1408.5,1408.8,1408.0,1408.5,5079,0
2025-06-04 10:04:00+05:30,1408.6,1408.8,1407.7,1408.2,7222,0
2025-06-04 10:05:00+05:30,1407.9,1408.9,1407.9,1408.9,3306,0
2025-06-04 10:06:00+05:30,1408.9,1409.7,1408.5,1409.2,4702,0
2025-06-04 10:07:00+05:30,1409.2,1410.8,1409.0,1410.7,1024528,0
2025-06-04 10:08:00+05:30,1410.7,1410.7,1409.4,1409.4,11930,0
2025-06-04 10:09:00+05:30,1409.4,1409.5,1408.0,1408.2,7395,0
2025-06-04 10:10:00+05:30,1408.1,1409.4,1407.9,1408.4,45546,0
2025-06-04 10:11:00+05:30,1408.4,1408.4,1406.9,1407.8,76189,0
2025-06-04 10:12:00+05:30,1407.8,1408.6,1407.7,1408.3,6702,0
2025-06-04 10:13:00+05:30,1408.6,1408.6,1407.0,1407.6,6448,0
2025-06-04 10:14:00+05:30,1407.5,1408.3,1407.2,1408.1,4091,0
2025-06-04 10:15:00+05:30,1408.1,1408.5,1408.0,1408.3,4195,0
2025-06-04 10:16:00+05:30,1408.3,1409.1,1408.2,1408.7,4584,0
2025-06-04 10:17:00+05:30,1408.9,1409.0,1408.7,1409.0,3363,0
2025-06-04 10:18:00+05:30,1409.0,1409.2,1408.9,1409.1,2625,0
2025-06-04 10:19:00+05:30,1409.0,1409.8,1409.0,1409.8,4823,0
2025-06-04 10:20:00+05:30,1409.8,1410.0,1409.2,1410.0,10868,0
2025-06-04 10:21:00+05:30,1410.0,1410.8,1409.8,1410.6,15774,0
2025-06-04 10:22:00+05:30,1410.6,1410.7,1410.3,1410.5,3428,0
2025-06-04 10:23:00+05:30,1410.5,1411.1,1410.3,1410.4,11573,0
2025-06-04 10:24:00+05:30,1410.4,1410.9,1410.0,1410.3,13145,0
2025-06-04 10:25:00+05:30,1410.1,1410.7,1409.3,1409.7,21866,0
2025-06-04 10:26:00+05:30,1409.7,1410.0,1409.0,1410.0,4129,0
2025-06-04 10:27:00+05:30,1409.9,1410.0,1409.3,1409.6,15483,0
2025-06-04 10:28:00+05:30,1409.6,1410.4,1409.3,1409.7,17133,0
2025-06-04 10:29:00+05:30,1409.4,1409.9,1409.0,1409.4,7334,0
2025-06-04 10:30:00+05:30,1409.4,1409.7,1409.0,1409.5,3958,0
2025-06-04 10:31:00+05:30,1409.4,1409.7,1409.2,1409.6,3037,0
2025-06-04 10:32:00+05:30,1409.6,1409.7,1409.5,1409.6,2375,0
2025-06-04 10:33:00+05:30,1409.6,1409.6,1409.5,1409.6,2017,0
2025-06-04 10:34:00+05:30,1409.5,1409.9,1409.5,1409.9,3927,0
2025-06-04 10:35:00+05:30,1409.9,1410.0,1409.2,1409.2,13401,0
2025-06-04 10:36:00+05:30,1409.2,1409.4,1408.5,1408.9,4443,0
2025-06-04 10:37:00+05:30,1408.9,1408.9,1408.2,1408.2,5025,0
2025-06-04 10:38:00+05:30,1408.4,1408.4,1407.6,1408.2,4147,0
2025-06-04 10:39:00+05:30,1408.0,1408.7,1407.7,1408.7,5280,0
2025-06-04 10:40:00+05:30,1408.4,1408.9,1407.9,1408.9,3362,0
2025-06-04 10:41:00+05:30,1408.9,1408.9,1408.4,1408.5,2500,0
2025-06-04 10:42:00+05:30,1408.9,1408.9,1408.1,1408.3,4607,0
2025-06-04 10:43:00+05:30,1408.3,1409.0,1408.0,1409.0,4209,0
2025-06-04 10:44:00+05:30,1409.0,1409.3,1408.5,1408.7,4689,0
2025-06-04 10:45:00+05:30,1408.6,1409.0,1408.5,1409.0,3968,0
2025-06-04 10:46:00+05:30,1408.9,1409.0,1408.9,1409.0,2829,0
2025-06-04 10:47:00+05:30,1409.0,1409.0,1408.0,1408.4,9096,0
2025-06-04 10:48:00+05:30,1408.3,1408.4,1408.0,1408.2,2611,0
2025-06-04 10:49:00+05:30,1408.2,1408.3,1407.5,1407.7,8521,0
2025-06-04 10:50:00+05:30,1407.7,1407.9,1407.5,1407.9,4167,0
2025-06-04 10:51:00+05:30,1407.9,1407.9,1407.5,1407.5,3975,0
2025-06-04 10:52:00+05:30,1407.5,1407.7,1407.5,1407.7,1712,0
2025-06-04 10:53:00+05:30,1407.7,1408.0,1407.6,1407.8,3244,0
2025-06-04 10:54:00+05:30,1407.7,1407.8,1407.6,1407.6,2940,0
2025-06-04 10:55:00+05:30,1407.6,1408.4,1407.6,1408.2,5553,0
2025-06-04 10:56:00+05:30,1408.0,1408.2,1407.7,1408.0,4381,0
2025-06-04 10:57:00+05:30,1408.0,1408.0,1407.8,1407.9,1436,0
2025-06-04 10:58:00+05:30,1407.9,1408.2,1407.9,1408.1,2419,0
2025-06-04 10:59:00+05:30,1408.1,1409.4,1408.1,1409.3,7985,0
2025-06-04 11:00:00+05:30,1409.3,1409.4,1409.1,1409.4,3419,0
2025-06-04 11:01:00+05:30,1409.4,1409.6,1408.6,1408.9,4910,0
2025-06-04 11:02:00+05:30,1408.6,1409.2,1408.6,1409.2,2198,0
2025-06-04 11:03:00+05:30,1409.1,1409.2,1408.6,1408.6,2736,0
2025-06-04 11:04:00+05:30,1408.6,1409.0,1408.6,1408.9,4054,0
2025-06-04 11:05:00+05:30,1408.9,1409.5,1408.8,1409.5,5699,0
2025-06-04 11:06:00+05:30,1409.3,1409.6,1409.3,1409.5,3188,0
2025-06-04 11:07:00+05:30,1409.4,1409.5,1409.1,1409.3,5268,0
2025-06-04 11:08:00+05:30,1409.3,1409.5,1408.9,1409.0,8078,0
2025-06-04 11:09:00+05:30,1409.0,1409.0,1408.9,1408.9,2574,0
2025-06-04 11:10:00+05:30,1409.0,1409.0,1408.6,1408.9,4621,0
2025-06-04 11:11:00+05:30,1408.8,1409.5,1408.6,1409.0,5278,0
2025-06-04 11:12:00+05:30,1408.9,1409.3,1408.9,1409.0,16970,0
2025-06-04 11:13:00+05:30,1408.9,1409.0,1407.8,1408.1,3648,0
2025-06-04 11:14:00+05:30,1408.0,1408.3,1407.8,1408.0,3514,0
2025-06-04 11:15:00+05:30,1408.0,1408.0,1407.6,1407.9,4467,0
2025-06-04 11:16:00+05:30,1407.7,1408.1,1407.2,1408.1,23381,0
2025-06-04 11:17:00+05:30,1408.1,1408.7,1408.0,1408.4,3051,0
2025-06-04 11:18:00+05:30,1408.4,1408.4,1408.0,1408.3,2235,0
2025-06-04 11:19:00+05:30,1408.3,1409.4,1408.2,1409.2,23970,0
2025-06-04 11:20:00+05:30,1409.0,1409.4,1408.9,1408.9,44889,0
2025-06-04 11:21:00+05:30,1409.4,1409.4,1408.9,1409.1,1547,0
2025-06-04 11:22:00+05:30,1409.1,1409.1,1408.9,1409.0,2921,0
2025-06-04 11:23:00+05:30,1408.9,1409.3,1408.9,1408.9,6968,0
2025-06-04 11:24:00+05:30,1409.3,1409.3,1408.9,1408.9,1832,0
2025-06-04 11:25:00+05:30,1409.0,1410.7,1408.8,1410.7,22095,0
2025-06-04 11:26:00+05:30,1410.5,1411.5,1410.0,1411.1,80012,0
2025-06-04 11:27:00+05:30,1410.8,1411.5,1409.9,1410.9,121680,0
2025-06-04 11:28:00+05:30,1410.9,1411.5,1409.9,1410.6,90841,0
2025-06-04 11:29:00+05:30,1410.1,1410.5,1409.1,1409.1,11696,0
2025-06-04 11:30:00+05:30,1409.6,1410.5,1408.9,1409.6,68828,0
2025-06-04 11:31:00+05:30,1409.8,1409.8,1409.6,1409.8,2892,0
2025-06-04 11:32:00+05:30,1409.7,1410.0,1409.7,1409.9,19768,0
2025-06-04 11:33:00+05:30,1409.9,1410.0,1409.8,1410.0,5264,0
2025-06-04 11:34:00+05:30,1409.9,1410.0,1409.9,1410.0,25201,0
2025-06-04 11:35:00+05:30,1410.0,1410.6,1409.9,1410.6,39632,0
2025-06-04 11:36:00+05:30,1410.5,1410.6,1410.5,1410.6,10316,0
2025-06-04 11:37:00+05:30,1410.5,1410.6,1410.5,1410.5,2543,0
2025-06-04 11:38:00+05:30,1410.6,1410.6,1410.5,1410.5,3316,0
2025-06-04 11:39:00+05:30,1410.6,1411.0,1410.5,1411.0,8918,0
2025-06-04 11:40:00+05:30,1411.0,1411.0,1410.3,1410.6,9161,0
2025-06-04 11:41:00+05:30,1410.3,1410.5,1410.3,1410.4,4191,0
2025-06-04 11:42:00+05:30,1410.4,1410.5,1410.3,1410.5,2638,0
2025-06-04 11:43:00+05:30,1410.5,1410.9,1410.4,1410.9,3591,0
2025-06-04 11:44:00+05:30,1410.9,1410.9,1410.6,1410.9,1765,0
2025-06-04 11:45:00+05:30,1410.9,1411.3,1410.6,1411.3,9417,0
2025-06-04 11:46:00+05:30,1411.2,1411.7,1411.2,1411.6,4760,0
2025-06-04 11:47:00+05:30,1411.6,1411.7,1411.2,1411.6,9144,0
2025-06-04 11:48:00+05:30,1411.6,1411.7,1411.1,1411.5,5697,0
2025-06-04 11:49:00+05:30,1411.4,1411.5,1411.1,1411.3,1587,0
2025-06-04 11:50:00+05:30,1411.3,1411.3,1411.1,1411.2,2863,0
2025-06-04 11:51:00+05:30,1411.1,1411.2,1410.9,1411.1,2920,0
2025-06-04 11:52:00+05:30,1411.0,1411.5,1410.6,1411.3,7678,0
2025-06-04 11:53:00+05:30,1411.3,1411.8,1411.3,1411.8,10465,0
2025-06-04 11:54:00+05:30,1411.8,1411.9,1411.7,1411.8,4952,0
2025-06-04 11:55:00+05:30,1411.8,1412.5,1411.7,1412.1,21458,0
2025-06-04 11:56:00+05:30,1412.3,1412.3,1411.5,1411.9,7360,0
2025-06-04 11:57:00+05:30,1411.8,1412.0,1411.5,1412.0,4992,0
2025-06-04 11:58:00+05:30,1412.0,1412.2,1411.8,1412.1,5427,0
2025-06-04 11:59:00+05:30,1412.0,1413.7,1412.0,1413.2,14317,0
2025-06-04 12:00:00+05:30,1413.3,1413.8,1413.2,1413.7,8555,0
2025-06-04 12:01:00+05:30,1413.7,1413.9,1412.9,1413.1,14681,0
2025-06-04 12:02:00+05:30,1413.5,1413.5,1412.8,1413.2,2085,0
2025-06-04 12:03:00+05:30,1413.1,1413.2,1412.5,1412.6,4432,0
2025-06-04 12:04:00+05:30,1412.6,1412.7,1412.3,1412.4,2330,0
2025-06-04 12:05:00+05:30,1412.4,1413.0,1412.4,1412.7,10832,0
2025-06-04 12:06:00+05:30,1412.6,1413.0,1411.7,1412.3,8257,0
2025-06-04 12:07:00+05:30,1412.0,1412.2,1411.1,1411.7,11831,0
2025-06-04 12:08:00+05:30,1411.7,1412.5,1411.7,1412.5,3788,0
2025-06-04 12:09:00+05:30,1412.4,1412.9,1412.4,1412.8,4267,0
2025-06-04 12:10:00+05:30,1412.8,1413.0,1412.7,1413.0,3382,0
2025-06-04 12:11:00+05:30,1413.0,1413.0,1412.5,1412.6,4028,0
2025-06-04 12:12:00+05:30,1412.5,1412.7,1412.4,1412.7,4436,0
2025-06-04 12:13:00+05:30,1412.4,1412.8,1412.4,1412.7,2882,0
2025-06-04 12:14:00+05:30,1412.7,1413.1,1412.6,1413.0,2890,0
2025-06-04 12:15:00+05:30,1413.0,1413.7,1413.0,1413.4,6175,0
2025-06-04 12:16:00+05:30,1413.3,1413.6,1412.9,1413.0,32177,0
2025-06-04 12:17:00+05:30,1413.0,1413.0,1411.3,1411.5,16611,0
2025-06-04 12:18:00+05:30,1411.5,1412.0,1411.2,1411.5,38671,0
2025-06-04 12:19:00+05:30,1411.5,1411.5,1410.4,1410.9,29501,0
2025-06-04 12:20:00+05:30,1410.9,1411.9,1410.4,1411.7,6392,0
2025-06-04 12:21:00+05:30,1411.7,1411.7,1410.3,1410.4,12399,0
2025-06-04 12:22:00+05:30,1410.3,1410.7,1410.3,1410.7,6352,0
2025-06-04 12:23:00+05:30,1410.7,1411.1,1410.6,1411.0,4569,0
2025-06-04 12:24:00+05:30,1410.7,1411.1,1410.4,1410.5,4711,0
2025-06-04 12:25:00+05:30,1410.4,1410.5,1410.0,1410.3,9299,0
2025-06-04 12:26:00+05:30,1410.3,1410.5,1410.1,1410.3,4210,0
2025-06-04 12:27:00+05:30,1410.2,1410.6,1410.2,1410.4,4688,0
2025-06-04 12:28:00+05:30,1410.5,1410.7,1410.4,1410.5,3963,0
2025-06-04 12:29:00+05:30,1410.4,1410.5,1410.4,1410.5,4397,0
2025-06-04 12:30:00+05:30,1410.4,1410.5,1409.9,1409.9,15866,0
2025-06-04 12:31:00+05:30,1410.0,1410.5,1409.9,1410.4,6309,0
2025-06-04 12:32:00+05:30,1410.4,1410.6,1410.0,1410.4,4685,0
2025-06-04 12:33:00+05:30,1410.4,1411.0,1410.2,1411.0,4647,0
2025-06-04 12:34:00+05:30,1410.8,1411.0,1410.8,1410.9,4295,0
2025-06-04 12:35:00+05:30,1410.9,1411.0,1410.8,1411.0,5732,0
2025-06-04 12:36:00+05:30,1410.9,1411.0,1410.9,1411.0,4500,0
2025-06-04 12:37:00+05:30,1411.0,1411.1,1410.9,1411.1,4052,0
2025-06-04 12:38:00+05:30,1411.0,1411.3,1411.0,1411.1,3183,0
2025-06-04 12:39:00+05:30,1411.2,1411.3,1411.0,1411.3,5237,0
2025-06-04 12:40:00+05:30,1411.3,1411.9,1411.2,1411.9,3974,0
2025-06-04 12:41:00+05:30,1411.8,1412.0,1410.5,1410.6,12271,0
2025-06-04 12:42:00+05:30,1410.9,1412.3,1410.8,1412.2,9824,0
2025-06-04 12:43:00+05:30,1412.2,1412.3,1411.8,1412.0,3727,0
2025-06-04 12:44:00+05:30,1411.9,1412.2,1411.9,1412.2,2475,0
2025-06-04 12:45:00+05:30,1412.2,1413.0,1412.0,1412.6,17682,0
2025-06-04 12:46:00+05:30,1412.6,1412.7,1412.5,1412.7,4515,0
2025-06-04 12:47:00+05:30,1412.7,1413.0,1412.6,1412.8,5708,0
2025-06-04 12:48:00+05:30,1412.7,1412.9,1412.6,1412.6,4016,0
2025-06-04 12:49:00+05:30,1412.7,1412.9,1412.5,1412.8,5359,0
2025-06-04 12:50:00+05:30,1412.8,1413.0,1412.7,1413.0,5243,0
2025-06-04 12:51:00+05:30,1412.9,1413.1,1412.8,1413.0,7671,0
2025-06-04 12:52:00+05:30,1413.0,1413.5,1412.9,1413.5,7135,0
2025-06-04 12:53:00+05:30,1413.4,1413.6,1412.9,1413.2,7238,0
2025-06-04 12:54:00+05:30,1413.2,1413.3,1413.0,1413.1,2488,0
2025-06-04 12:55:00+05:30,1413.2,1413.8,1413.0,1413.8,12636,0
2025-06-04 12:56:00+05:30,1413.6,1413.8,1413.2,1413.6,9430,0
2025-06-04 12:57:00+05:30,1413.3,1413.6,1413.2,1413.4,5773,0
2025-06-04 12:58:00+05:30,1413.3,1413.4,1413.2,1413.4,3447,0
2025-06-04 12:59:00+05:30,1413.4,1413.7,1413.3,1413.6,11462,0
2025-06-04 13:00:00+05:30,1413.6,1415.2,1413.5,1415.2,57684,0
2025-06-04 13:01:00+05:30,1415.1,1415.2,1414.3,1414.6,9150,0
2025-06-04 13:02:00+05:30,1414.6,1414.8,1414.5,1414.8,4026,0
2025-06-04 13:03:00+05:30,1414.8,1415.0,1414.8,1415.0,4983,0
2025-06-04 13:04:00+05:30,1415.0,1415.4,1414.9,1415.2,8594,0
2025-06-04 13:05:00+05:30,1415.2,1415.8,1415.1,1415.1,14758,0
2025-06-04 13:06:00+05:30,1415.1,1415.6,1414.9,1415.1,16485,0
2025-06-04 13:07:00+05:30,1415.0,1415.4,1415.0,1415.4,6727,0
2025-06-04 13:08:00+05:30,1415.3,1415.5,1415.3,1415.4,6843,0
2025-06-04 13:09:00+05:30,1415.3,1415.4,1415.0,1415.1,10206,0
2025-06-04 13:10:00+05:30,1415.0,1415.5,1415.0,1415.3,13810,0
2025-06-04 13:11:00+05:30,1415.3,1415.5,1415.3,1415.5,4263,0
2025-06-04 13:12:00+05:30,1415.4,1415.5,1415.3,1415.4,6711,0
2025-06-04 13:13:00+05:30,1415.4,1415.5,1415.0,1415.1,5816,0
2025-06-04 13:14:00+05:30,1415.0,1415.2,1415.0,1415.2,10660,0
2025-06-04 13:15:00+05:30,1415.1,1415.2,1414.1,1414.8,8527,0
2025-06-04 13:16:00+05:30,1414.3,1414.8,1414.2,1414.7,3922,0
2025-06-04 13:17:00+05:30,1414.7,1414.7,1414.6,1414.7,4422,0
2025-06-04 13:18:00+05:30,1414.7,1414.8,1414.0,1414.0,8533,0
2025-06-04 13:19:00+05:30,1414.1,1415.0,1413.8,1414.9,8535,0
2025-06-04 13:20:00+05:30,1414.8,1415.5,1414.8,1415.3,23045,0
2025-06-04 13:21:00+05:30,1415.2,1415.5,1415.0,1415.3,5675,0
2025-06-04 13:22:00+05:30,1415.3,1415.5,1415.2,1415.5,5179,0
2025-06-04 13:23:00+05:30,1415.4,1415.5,1414.5,1415.1,14325,0
2025-06-04 13:24:00+05:30,1414.8,1415.7,1414.8,1415.4,7516,0
2025-06-04 13:25:00+05:30,1415.4,1415.8,1415.0,1415.5,7206,0
2025-06-04 13:26:00+05:30,1415.5,1415.6,1415.0,1415.3,5152,0
2025-06-04 13:27:00+05:30,1415.2,1415.4,1415.2,1415.4,3909,0
2025-06-04 13:28:00+05:30,1415.3,1415.5,1415.3,1415.5,4199,0
2025-06-04 13:29:00+05:30,1415.5,1415.5,1415.2,1415.5,3781,0
2025-06-04 13:30:00+05:30,1415.5,1415.5,1415.2,1415.5,2777,0
2025-06-04 13:31:00+05:30,1415.5,1415.6,1415.1,1415.6,7065,0
2025-06-04 13:32:00+05:30,1415.5,1415.7,1415.0,1415.6,4569,0
2025-06-04 13:33:00+05:30,1415.4,1415.6,1415.4,1415.5,2831,0
2025-06-04 13:34:00+05:30,1415.4,1415.6,1415.0,1415.5,5239,0
2025-06-04 13:35:00+05:30,1415.5,1415.5,1414.6,1415.3,10318,0
2025-06-04 13:36:00+05:30,1415.3,1415.3,1414.9,1415.1,6320,0
2025-06-04 13:37:00+05:30,1415.0,1415.4,1415.0,1415.4,5027,0
2025-06-04 13:38:00+05:30,1415.4,1415.5,1415.3,1415.5,3728,0
2025-06-04 13:39:00+05:30,1415.5,1415.7,1415.5,1415.6,6290,0
2025-06-04 13:40:00+05:30,1415.6,1415.7,1415.5,1415.6,3457,0
2025-06-04 13:41:00+05:30,1415.7,1415.7,1415.6,1415.7,3816,0
2025-06-04 13:42:00+05:30,1415.6,1417.0,1415.6,1416.3,18791,0
2025-06-04 13:43:00+05:30,1416.3,1416.5,1416.0,1416.2,3892,0
2025-06-04 13:44:00+05:30,1416.1,1416.4,1416.1,1416.4,5109,0
2025-06-04 13:45:00+05:30,1416.4,1416.4,1415.9,1416.0,5546,0
2025-06-04 13:46:00+05:30,1416.0,1416.1,1415.6,1416.0,4084,0
2025-06-04 13:47:00+05:30,1415.9,1416.0,1415.9,1416.0,2990,0
2025-06-04 13:48:00+05:30,1415.9,1416.5,1415.9,1416.5,8364,0
2025-06-04 13:49:00+05:30,1416.5,1416.8,1416.4,1416.7,7984,0
2025-06-04 13:50:00+05:30,1416.7,1416.7,1415.8,1416.2,5992,0
2025-06-04 13:51:00+05:30,1416.2,1416.5,1416.1,1416.5,4374,0
2025-06-04 13:52:00+05:30,1416.4,1416.5,1416.0,1416.2,7701,0
2025-06-04 13:53:00+05:30,1416.2,1416.2,1416.0,1416.1,5076,0
2025-06-04 13:54:00+05:30,1416.0,1417.6,1416.0,1416.9,19052,0
2025-06-04 13:55:00+05:30,1416.9,1417.2,1415.9,1416.8,12629,0
2025-06-04 13:56:00+05:30,1416.8,1417.4,1416.4,1417.3,13413,0
2025-06-04 13:57:00+05:30,1417.2,1417.7,1417.2,1417.7,9629,0
2025-06-04 13:58:00+05:30,1417.6,1418.0,1417.6,1418.0,7919,0
2025-06-04 13:59:00+05:30,1417.9,1418.9,1417.8,1418.8,13609,0
2025-06-04 14:00:00+05:30,1418.8,1418.9,1418.2,1418.5,8741,0
2025-06-04 14:01:00+05:30,1418.5,1419.4,1418.4,1419.4,11332,0
2025-06-04 14:02:00+05:30,1419.3,1419.5,1416.9,1417.3,16198,0
2025-06-04 14:03:00+05:30,1416.9,1417.4,1415.8,1417.3,72218,0
2025-06-04 14:04:00+05:30,1417.1,1417.4,1417.0,1417.1,8189,0
2025-06-04 14:05:00+05:30,1417.0,1417.1,1416.1,1417.1,72120,0
2025-06-04 14:06:00+05:30,1417.1,1417.6,1417.0,1417.5,4342,0
2025-06-04 14:07:00+05:30,1417.5,1418.3,1417.5,1418.3,6411,0
2025-06-04 14:08:00+05:30,1418.2,1419.3,1418.2,1419.3,11520,0
2025-06-04 14:09:00+05:30,1419.2,1419.6,1419.2,1419.3,16085,0
2025-06-04 14:10:00+05:30,1419.2,1419.2,1418.0,1419.0,19606,0
2025-06-04 14:11:00+05:30,1419.0,1419.4,1417.5,1418.0,19008,0
2025-06-04 14:12:00+05:30,1417.5,1418.2,1417.5,1418.2,5811,0
2025-06-04 14:13:00+05:30,1418.1,1418.2,1418.1,1418.2,4228,0
2025-06-04 14:14:00+05:30,1418.1,1418.4,1418.1,1418.4,7799,0
2025-06-04 14:15:00+05:30,1418.4,1419.1,1418.3,1419.1,13236,0
2025-06-04 14:16:00+05:30,1419.1,1419.3,1418.6,1419.3,9056,0
2025-06-04 14:17:00+05:30,1419.3,1419.6,1419.0,1419.3,8785,0
2025-06-04 14:18:00+05:30,1419.3,1419.3,1418.5,1419.1,15730,0
2025-06-04 14:19:00+05:30,1419.1,1419.1,1418.5,1419.0,24180,0
2025-06-04 14:20:00+05:30,1418.8,1419.1,1418.0,1418.1,10520,0
2025-06-04 14:21:00+05:30,1418.1,1419.0,1418.0,1419.0,10523,0
2025-06-04 14:22:00+05:30,1419.0,1419.3,1418.7,1419.0,19649,0
2025-06-04 14:23:00+05:30,1419.0,1419.1,1418.9,1419.0,4538,0
2025-06-04 14:24:00+05:30,1419.0,1419.0,1418.9,1419.0,5585,0
2025-06-04 14:25:00+05:30,1419.0,1419.3,1418.5,1419.1,13360,0
2025-06-04 14:26:00+05:30,1419.0,1420.9,1419.0,1420.5,77570,0
2025-06-04 14:27:00+05:30,1420.5,1420.5,1419.6,1420.0,14613,0
2025-06-04 14:28:00+05:30,1420.0,1420.2,1419.6,1420.0,52608,0
2025-06-04 14:29:00+05:30,1420.0,1420.1,1418.7,1419.3,78747,0
2025-06-04 14:30:00+05:30,1419.0,1419.3,1418.5,1419.2,17099,0
2025-06-04 14:31:00+05:30,1419.2,1420.0,1419.0,1419.4,128260,0
2025-06-04 14:32:00+05:30,1419.4,1420.0,1419.3,1419.5,29053,0
2025-06-04 14:33:00+05:30,1419.4,1419.5,1419.2,1419.4,8801,0
2025-06-04 14:34:00+05:30,1419.4,1419.8,1419.3,1419.8,7744,0
2025-06-04 14:35:00+05:30,1419.8,1420.3,1419.0,1420.0,58750,0
2025-06-04 14:36:00+05:30,1419.8,1420.2,1419.0,1419.6,14758,0
2025-06-04 14:37:00+05:30,1419.6,1419.6,1419.2,1419.3,7131,0
2025-06-04 14:38:00+05:30,1419.2,1419.4,1419.0,1419.2,26447,0
2025-06-04 14:39:00+05:30,1419.1,1419.4,1418.7,1419.4,13815,0
2025-06-04 14:40:00+05:30,1419.4,1419.9,1419.1,1419.7,16327,0
2025-06-04 14:41:00+05:30,1419.7,1420.8,1419.6,1420.5,24176,0
2025-06-04 14:42:00+05:30,1420.5,1420.6,1420.0,1420.1,8997,0
2025-06-04 14:43:00+05:30,1420.1,1420.7,1420.0,1420.6,14367,0
2025-06-04 14:44:00+05:30,1420.6,1420.6,1420.0,1420.2,11004,0
2025-06-04 14:45:00+05:30,1420.2,1420.2,1420.0,1420.1,12385,0
2025-06-04 14:46:00+05:30,1420.1,1420.4,1420.0,1420.4,16090,0
2025-06-04 14:47:00+05:30,1420.4,1422.0,1420.0,1421.6,131619,0
2025-06-04 14:48:00+05:30,1421.6,1421.7,1420.5,1420.8,41460,0
2025-06-04 14:49:00+05:30,1420.6,1421.0,1420.1,1420.5,18383,0
2025-06-04 14:50:00+05:30,1420.5,1421.0,1419.9,1420.9,42964,0
2025-06-04 14:51:00+05:30,1420.9,1421.1,1420.0,1420.3,17893,0
2025-06-04 14:52:00+05:30,1420.0,1420.5,1420.0,1420.4,19010,0
2025-06-04 14:53:00+05:30,1420.4,1420.4,1420.0,1420.1,21027,0
2025-06-04 14:54:00+05:30,1420.0,1420.4,1420.0,1420.4,18583,0
2025-06-04 14:55:00+05:30,1420.3,1420.7,1420.2,1420.7,17649,0
2025-06-04 14:56:00+05:30,1420.7,1421.5,1420.6,1421.5,22708,0
2025-06-04 14:57:00+05:30,1421.4,1421.8,1420.8,1421.3,20448,0
2025-06-04 14:58:00+05:30,1421.3,1422.6,1420.6,1422.2,86605,0
2025-06-04 14:59:00+05:30,1422.5,1422.6,1422.0,1422.1,67300,0
2025-06-04 15:00:00+05:30,1422.1,1422.7,1422.0,1422.5,127233,0
2025-06-04 15:01:00+05:30,1422.5,1423.5,1422.3,1423.3,82640,0
2025-06-04 15:02:00+05:30,1423.3,1424.6,1423.1,1424.5,82510,0
2025-06-04 15:03:00+05:30,1424.5,1424.6,1424.2,1424.4,57792,0
2025-06-04 15:04:00+05:30,1424.5,1424.6,1424.4,1424.5,43794,0
2025-06-04 15:05:00+05:30,1424.6,1425.7,1424.5,1425.1,99783,0
2025-06-04 15:06:00+05:30,1425.1,1425.3,1424.2,1425.1,150192,0
2025-06-04 15:07:00+05:30,1425.1,1425.1,1423.3,1423.8,72794,0
2025-06-04 15:08:00+05:30,1423.8,1424.4,1423.7,1424.3,77180,0
2025-06-04 15:09:00+05:30,1424.3,1425.0,1424.0,1424.1,88769,0
2025-06-04 15:10:00+05:30,1424.1,1424.6,1424.0,1424.4,103509,0
2025-06-04 15:11:00+05:30,1424.4,1424.4,1423.0,1423.2,72414,0
2025-06-04 15:12:00+05:30,1423.2,1424.4,1423.0,1424.2,113163,0
2025-06-04 15:13:00+05:30,1424.2,1424.3,1424.0,1424.2,59832,0
2025-06-04 15:14:00+05:30,1424.1,1424.4,1423.9,1424.0,60951,0
2025-06-04 15:15:00+05:30,1424.0,1424.0,1422.2,1422.6,65298,0
2025-06-04 15:16:00+05:30,1422.6,1422.6,1422.1,1422.2,49604,0
2025-06-04 15:17:00+05:30,1422.2,1422.2,1422.0,1422.2,53416,0
2025-06-04 15:18:00+05:30,1422.2,1422.2,1421.9,1422.1,49283,0
2025-06-04 15:19:00+05:30,1422.1,1422.2,1421.9,1422.1,44638,0
2025-06-04 15:20:00+05:30,1422.1,1422.2,1421.9,1422.1,64205,0
2025-06-04 15:21:00+05:30,1422.1,1422.8,1421.9,1422.7,54283,0
2025-06-04 15:22:00+05:30,1422.6,1424.0,1422.6,1423.7,93943,0
2025-06-04 15:23:00+05:30,1424.0,1424.3,1423.7,1424.2,104915,0
2025-06-04 15:24:00+05:30,1424.2,1424.3,1422.6,1422.9,76374,0
2025-06-04 15:25:00+05:30,1422.9,1423.1,1422.0,1422.5,54051,0
2025-06-04 15:26:00+05:30,1422.5,1422.7,1422.2,1422.3,58872,0
2025-06-04 15:27:00+05:30,1422.2,1422.6,1422.2,1422.4,50914,0
2025-06-04 15:28:00+05:30,1422.4,1422.6,1420.5,1421.8,54002,0
2025-06-04 15:29:00+05:30,1420.9,1421.9,1420.0,1421.0,15840,0
2025-06-05 09:15:00+05:30,1428.0,1428.0,1423.6,1426.6,221755,0
2025-06-05 09:16:00+05:30,1426.1,1428.6,1425.0,1427.2,92425,0
2025-06-05 09:17:00+05:30,1427.5,1429.3,1427.2,1429.0,66355,0
2025-06-05 09:18:00+05:30,1428.8,1429.0,1424.1,1428.3,102875,0
2025-06-05 09:19:00+05:30,1428.5,1431.0,1428.0,1430.4,112392,0
2025-06-05 09:20:00+05:30,1430.4,1432.0,1430.0,1431.0,92672,0
2025-06-05 09:21:00+05:30,1431.0,1431.5,1430.0,1431.0,59357,0
2025-06-05 09:22:00+05:30,1431.5,1432.0,1430.0,1431.3,49035,0
2025-06-05 09:23:00+05:30,1431.7,1434.0,1430.6,1433.4,84974,0
2025-06-05 09:24:00+05:30,1433.4,1434.0,1432.7,1433.2,35938,0
2025-06-05 09:25:00+05:30,1433.2,1436.0,1433.2,1434.5,123790,0
2025-06-05 09:26:00+05:30,1434.9,1438.0,1434.5,1438.0,73949,0
2025-06-05 09:27:00+05:30,1438.0,1439.7,1437.4,1437.4,119738,0
2025-06-05 09:28:00+05:30,1437.4,1438.0,1435.8,1437.4,58517,0
2025-06-05 09:29:00+05:30,1437.4,1441.1,1436.5,1440.4,260965,0
2025-06-05 09:30:00+05:30,1440.3,1442.8,1440.2,1441.0,71075,0
2025-06-05 09:31:00+05:30,1441.0,1441.3,1439.7,1440.2,59703,0
2025-06-05 09:32:00+05:30,1440.1,1440.6,1438.0,1438.8,103719,0
2025-06-05 09:33:00+05:30,1438.6,1440.0,1438.0,1439.6,42580,0
2025-06-05 09:34:00+05:30,1439.3,1440.0,1437.9,1438.5,32785,0
2025-06-05 09:35:00+05:30,1438.7,1439.7,1438.1,1439.7,25001,0
2025-06-05 09:36:00+05:30,1439.5,1440.9,1439.4,1440.3,45065,0
2025-06-05 09:37:00+05:30,1440.5,1441.6,1439.0,1441.3,45055,0
2025-06-05 09:38:00+05:30,1441.1,1444.0,1440.5,1443.9,143505,0
2025-06-05 09:39:00+05:30,1443.9,1444.1,1440.6,1440.8,44650,0
2025-06-05 09:40:00+05:30,1440.8,1441.8,1440.1,1441.5,28205,0
2025-06-05 09:41:00+05:30,1441.1,1442.8,1441.0,1442.2,56011,0
2025-06-05 09:42:00+05:30,1442.0,1444.0,1442.0,1443.1,75530,0
2025-06-05 09:43:00+05:30,1443.1,1443.3,1441.4,1442.3,41672,0
2025-06-05 09:44:00+05:30,1442.0,1443.5,1442.0,1442.6,26107,0
2025-06-05 09:45:00+05:30,1442.5,1443.1,1442.4,1442.8,15551,0
2025-06-05 09:46:00+05:30,1442.8,1443.0,1442.5,1442.5,12276,0
2025-06-05 09:47:00+05:30,1442.5,1442.7,1441.1,1441.3,68519,0
2025-06-05 09:48:00+05:30,1441.3,1441.7,1440.7,1441.7,23237,0
2025-06-05 09:49:00+05:30,1441.4,1441.9,1440.2,1441.0,29448,0
2025-06-05 09:50:00+05:30,1440.6,1441.6,1440.3,1441.4,25279,0
2025-06-05 09:51:00+05:30,1441.4,1441.6,1440.5,1441.0,28329,0
2025-06-05 09:52:00+05:30,1440.6,1441.0,1440.2,1440.9,28152,0
2025-06-05 09:53:00+05:30,1440.6,1441.0,1440.2,1440.8,30901,0
2025-06-05 09:54:00+05:30,1440.3,1443.0,1440.2,1442.2,52706,0
2025-06-05 09:55:00+05:30,1442.3,1442.4,1441.0,1441.3,44120,0
2025-06-05 09:56:00+05:30,1441.4,1442.4,1441.2,1441.2,17415,0
2025-06-05 09:57:00+05:30,1441.2,1443.0,1441.2,1442.7,59681,0
2025-06-05 09:58:00+05:30,1442.2,1442.7,1441.7,1442.1,14073,0
2025-06-05 09:59:00+05:30,1442.1,1442.6,1441.7,1441.8,19430,0
2025-06-05 10:00:00+05:30,1442.4,1443.5,1441.3,1443.5,45755,0
2025-06-05 10:01:00+05:30,1443.2,1444.4,1443.0,1443.1,50373,0
2025-06-05 10:02:00+05:30,1443.7,1444.4,1443.0,1444.0,22529,0
2025-06-05 10:03:00+05:30,1444.0,1444.4,1443.5,1444.4,17501,0
2025-06-05 10:04:00+05:30,1444.1,1444.5,1443.7,1444.0,17395,0
2025-06-05 10:05:00+05:30,1444.0,1444.5,1443.9,1444.0,24288,0
2025-06-05 10:06:00+05:30,1444.1,1444.6,1444.0,1444.3,22222,0
2025-06-05 10:07:00+05:30,1444.1,1444.2,1442.2,1442.2,35631,0
2025-06-05 10:08:00+05:30,1442.2,1442.5,1441.5,1441.5,26061,0
2025-06-05 10:09:00+05:30,1441.5,1442.0,1441.2,1441.6,15279,0
2025-06-05 10:10:00+05:30,1441.9,1442.0,1441.4,1441.8,8863,0
2025-06-05 10:11:00+05:30,1441.6,1442.0,1440.3,1440.5,85669,0
2025-06-05 10:12:00+05:30,1440.8,1441.8,1440.5,1441.8,17304,0
2025-06-05 10:13:00+05:30,1441.5,1441.8,1440.7,1441.4,14289,0
2025-06-05 10:14:00+05:30,1441.2,1442.0,1440.9,1441.5,18907,0
2025-06-05 10:15:00+05:30,1441.5,1442.0,1441.1,1441.6,8964,0
2025-06-05 10:16:00+05:30,1441.8,1442.0,1441.2,1441.5,5251,0
2025-06-05 10:17:00+05:30,1441.7,1441.9,1441.0,1441.0,17793,0
2025-06-05 10:18:00+05:30,1441.0,1442.0,1440.7,1441.0,14834,0
2025-06-05 10:19:00+05:30,1441.0,1441.4,1440.6,1441.2,13889,0
2025-06-05 10:20:00+05:30,1441.2,1441.2,1440.6,1440.9,10869,0
2025-06-05 10:21:00+05:30,1440.9,1441.4,1440.7,1441.0,11164,0
2025-06-05 10:22:00+05:30,1441.4,1441.6,1440.9,1441.6,9059,0
2025-06-05 10:23:00+05:30,1441.1,1441.9,1440.6,1441.5,58349,0
2025-06-05 10:24:00+05:30,1441.0,1443.6,1440.7,1443.1,58614,0
2025-06-05 10:25:00+05:30,1443.1,1443.6,1442.8,1443.2,29423,0
2025-06-05 10:26:00+05:30,1442.9,1443.5,1442.9,1443.0,17252,0
2025-06-05 10:27:00+05:30,1443.0,1443.3,1442.3,1443.3,25900,0
2025-06-05 10:28:00+05:30,1443.1,1443.9,1443.0,1443.5,18419,0
2025-06-05 10:29:00+05:30,1443.5,1444.7,1443.5,1444.0,65554,0
2025-06-05 10:30:00+05:30,1444.1,1444.5,1442.1,1442.2,36982,0
2025-06-05 10:31:00+05:30,1442.2,1443.2,1441.6,1442.7,46188,0
2025-06-05 10:32:00+05:30,1442.8,1444.0,1442.5,1442.9,56603,0
2025-06-05 10:33:00+05:30,1442.9,1443.5,1442.5,1442.9,9898,0
2025-06-05 10:34:00+05:30,1443.0,1443.2,1441.2,1442.1,15816,0
2025-06-05 10:35:00+05:30,1441.7,1442.0,1441.3,1441.8,9628,0
2025-06-05 10:36:00+05:30,1441.8,1442.0,1441.1,1441.4,17847,0
2025-06-05 10:37:00+05:30,1441.9,1442.0,1441.4,1441.6,11767,0
2025-06-05 10:38:00+05:30,1441.6,1442.1,1441.2,1441.9,33549,0
2025-06-05 10:39:00+05:30,1441.5,1442.9,1441.5,1442.3,38432,0
2025-06-05 10:40:00+05:30,1441.8,1442.8,1441.5,1442.8,16713,0
2025-06-05 10:41:00+05:30,1442.8,1442.8,1441.5,1442.4,12339,0
2025-06-05 10:42:00+05:30,1442.1,1442.4,1441.7,1441.8,16704,0
2025-06-05 10:43:00+05:30,1441.8,1442.1,1441.2,1441.2,11790,0
2025-06-05 10:44:00+05:30,1441.2,1442.1,1441.1,1441.1,25935,0
2025-06-05 10:45:00+05:30,1441.1,1441.6,1441.0,1441.1,10383,0
2025-06-05 10:46:00+05:30,1441.4,1441.7,1441.0,1441.2,12143,0
2025-06-05 10:47:00+05:30,1441.7,1441.9,1441.2,1441.7,18715,0
2025-06-05 10:48:00+05:30,1441.7,1442.0,1441.0,1441.9,19869,0
2025-06-05 10:49:00+05:30,1441.5,1441.9,1440.8,1441.7,14784,0
2025-06-05 10:50:00+05:30,1441.9,1442.5,1441.4,1442.2,24982,0
2025-06-05 10:51:00+05:30,1442.5,1442.5,1442.0,1442.5,16109,0
2025-06-05 10:52:00+05:30,1442.5,1442.5,1442.0,1442.4,13401,0
2025-06-05 10:53:00+05:30,1442.4,1442.5,1442.0,1442.2,14087,0
2025-06-05 10:54:00+05:30,1442.3,1442.4,1442.0,1442.0,11715,0
2025-06-05 10:55:00+05:30,1442.0,1442.2,1441.8,1442.2,25267,0
2025-06-05 10:56:00+05:30,1442.2,1442.5,1442.1,1442.3,6784,0
2025-06-05 10:57:00+05:30,1442.2,1442.5,1442.0,1442.5,12736,0
2025-06-05 10:58:00+05:30,1442.4,1442.8,1442.1,1442.5,19673,0
2025-06-05 10:59:00+05:30,1442.5,1442.9,1442.0,1442.4,19979,0
2025-06-05 11:00:00+05:30,1442.4,1443.0,1442.2,1443.0,17689,0
2025-06-05 11:01:00+05:30,1442.8,1444.5,1442.8,1444.2,64479,0
2025-06-05 11:02:00+05:30,1444.1,1444.4,1443.7,1443.8,25224,0
2025-06-05 11:03:00+05:30,1443.8,1444.0,1443.5,1443.8,13450,0
2025-06-05 11:04:00+05:30,1443.8,1443.8,1443.1,1443.5,8672,0
2025-06-05 11:05:00+05:30,1443.5,1443.5,1442.0,1442.8,29942,0
2025-06-05 11:06:00+05:30,1443.2,1443.6,1442.0,1442.5,44253,0
2025-06-05 11:07:00+05:30,1442.5,1442.7,1442.0,1442.0,42980,0
2025-06-05 11:08:00+05:30,1442.0,1442.7,1441.5,1442.0,27654,0
2025-06-05 11:09:00+05:30,1442.0,1442.5,1441.7,1441.8,12626,0
2025-06-05 11:10:00+05:30,1441.8,1442.3,1441.7,1442.0,8913,0
2025-06-05 11:11:00+05:30,1442.2,1443.7,1442.0,1443.0,55002,0
2025-06-05 11:12:00+05:30,1443.0,1443.5,1443.0,1443.3,10335,0
2025-06-05 11:13:00+05:30,1443.3,1443.4,1442.9,1443.0,8034,0
2025-06-05 11:14:00+05:30,1442.9,1443.5,1442.6,1443.1,9739,0
2025-06-05 11:15:00+05:30,1443.3,1444.3,1443.0,1443.8,38632,0
2025-06-05 11:16:00+05:30,1444.0,1445.0,1443.8,1444.8,71418,0
2025-06-05 11:17:00+05:30,1444.8,1445.0,1443.7,1444.3,25625,0
2025-06-05 11:18:00+05:30,1444.4,1444.9,1443.8,1444.0,9819,0
2025-06-05 11:19:00+05:30,1444.2,1444.2,1443.3,1443.4,7307,0
2025-06-05 11:20:00+05:30,1443.4,1443.8,1442.7,1443.0,11447,0
2025-06-05 11:21:00+05:30,1442.9,1443.2,1442.5,1442.5,6186,0
2025-06-05 11:22:00+05:30,1442.8,1443.0,1442.5,1442.8,5283,0
2025-06-05 11:23:00+05:30,1442.9,1444.3,1442.9,1443.6,21843,0
2025-06-05 11:24:00+05:30,1443.6,1444.0,1443.2,1443.7,4624,0
2025-06-05 11:25:00+05:30,1443.9,1445.8,1443.7,1445.0,157639,0
2025-06-05 11:26:00+05:30,1444.9,1445.0,1444.5,1444.9,14689,0
2025-06-05 11:27:00+05:30,1444.9,1445.0,1444.5,1444.8,15599,0
2025-06-05 11:28:00+05:30,1444.9,1445.0,1444.5,1444.9,9711,0
2025-06-05 11:29:00+05:30,1444.5,1444.9,1444.5,1444.8,19132,0
2025-06-05 11:30:00+05:30,1444.8,1444.9,1444.4,1444.4,12102,0
2025-06-05 11:31:00+05:30,1444.4,1444.9,1444.1,1444.6,9089,0
2025-06-05 11:32:00+05:30,1444.4,1445.9,1444.1,1445.5,29858,0
2025-06-05 11:33:00+05:30,1445.5,1446.4,1445.3,1445.9,82797,0
2025-06-05 11:34:00+05:30,1446.1,1446.6,1445.9,1446.4,26429,0
2025-06-05 11:35:00+05:30,1446.3,1446.5,1446.1,1446.2,19424,0
2025-06-05 11:36:00+05:30,1446.2,1446.5,1446.0,1446.0,40036,0
2025-06-05 11:37:00+05:30,1446.1,1446.4,1445.5,1445.9,44718,0
2025-06-05 11:38:00+05:30,1445.5,1445.9,1444.8,1444.8,16396,0
2025-06-05 11:39:00+05:30,1444.8,1445.5,1444.7,1445.4,8890,0
2025-06-05 11:40:00+05:30,1445.2,1445.6,1444.8,1445.0,16403,0
2025-06-05 11:41:00+05:30,1444.8,1445.2,1444.5,1444.6,9262,0
2025-06-05 11:42:00+05:30,1444.6,1445.0,1444.0,1444.1,28804,0
2025-06-05 11:43:00+05:30,1444.3,1444.6,1444.0,1444.4,9792,0
2025-06-05 11:44:00+05:30,1444.4,1444.6,1443.5,1443.8,30108,0
2025-06-05 11:45:00+05:30,1443.5,1443.7,1442.8,1442.8,23183,0
2025-06-05 11:46:00+05:30,1443.2,1443.3,1442.6,1443.0,14540,0
2025-06-05 11:47:00+05:30,1443.0,1443.4,1442.6,1443.0,14742,0
2025-06-05 11:48:00+05:30,1442.8,1443.4,1442.8,1443.2,13175,0
2025-06-05 11:49:00+05:30,1443.0,1443.2,1442.6,1442.6,11174,0
2025-06-05 11:50:00+05:30,1443.0,1443.1,1442.5,1442.8,14118,0
2025-06-05 11:51:00+05:30,1442.8,1443.2,1442.5,1443.0,7389,0
2025-06-05 11:52:00+05:30,1443.0,1443.1,1442.1,1442.3,13188,0
2025-06-05 11:53:00+05:30,1442.3,1442.9,1442.1,1442.4,11662,0
2025-06-05 11:54:00+05:30,1442.4,1443.0,1442.3,1442.9,8405,0
2025-06-05 11:55:00+05:30,1442.6,1443.1,1442.1,1442.1,19914,0
2025-06-05 11:56:00+05:30,1442.2,1443.0,1442.0,1442.5,16504,0
2025-06-05 11:57:00+05:30,1442.9,1443.3,1442.2,1442.5,18624,0
2025-06-05 11:58:00+05:30,1443.2,1443.3,1442.4,1442.9,14112,0
2025-06-05 11:59:00+05:30,1442.9,1443.5,1442.6,1443.1,6077,0
2025-06-05 12:00:00+05:30,1443.4,1443.5,1443.1,1443.3,5241,0
2025-06-05 12:01:00+05:30,1443.5,1443.5,1443.1,1443.3,7666,0
2025-06-05 12:02:00+05:30,1443.6,1444.5,1443.3,1444.0,12840,0
2025-06-05 12:03:00+05:30,1444.0,1446.0,1443.9,1445.7,43848,0
2025-06-05 12:04:00+05:30,1445.8,1447.0,1445.5,1445.9,53924,0
2025-06-05 12:05:00+05:30,1446.0,1446.9,1446.0,1446.9,28229,0
2025-06-05 12:06:00+05:30,1446.9,1448.0,1446.9,1448.0,73522,0
2025-06-05 12:07:00+05:30,1448.0,1448.9,1447.8,1448.4,46500,0
2025-06-05 12:08:00+05:30,1448.4,1448.6,1447.6,1448.2,24476,0
2025-06-05 12:09:00+05:30,1448.3,1448.5,1447.8,1448.2,12561,0
2025-06-05 12:10:00+05:30,1448.3,1449.0,1448.3,1448.5,20347,0
2025-06-05 12:11:00+05:30,1448.5,1449.9,1448.1,1449.9,81247,0
2025-06-05 12:12:00+05:30,1449.9,1452.0,1449.8,1452.0,281715,0
2025-06-05 12:13:00+05:30,1452.0,1452.7,1451.5,1452.0,76015,0
2025-06-05 12:14:00+05:30,1451.9,1452.7,1451.3,1452.7,36532,0
2025-06-05 12:15:00+05:30,1452.5,1453.9,1452.3,1453.9,56119,0
2025-06-05 12:16:00+05:30,1453.9,1454.7,1453.1,1453.3,56445,0
2025-06-05 12:17:00+05:30,1453.2,1453.9,1451.6,1451.9,40451,0
2025-06-05 12:18:00+05:30,1451.9,1452.2,1451.0,1451.0,120086,0
2025-06-05 12:19:00+05:30,1451.3,1452.0,1450.9,1451.0,10047,0
2025-06-05 12:20:00+05:30,1451.5,1451.9,1451.0,1451.4,14078,0
2025-06-05 12:21:00+05:30,1451.5,1451.9,1450.9,1451.3,11628,0
2025-06-05 12:22:00+05:30,1451.3,1451.6,1450.8,1451.4,13729,0
2025-06-05 12:23:00+05:30,1451.4,1451.6,1450.8,1451.1,6034,0
2025-06-05 12:24:00+05:30,1451.1,1451.7,1449.0,1449.4,23854,0
2025-06-05 12:25:00+05:30,1449.4,1449.9,1448.3,1448.5,14797,0
2025-06-05 12:26:00+05:30,1448.8,1449.1,1447.4,1448.5,50002,0
2025-06-05 12:27:00+05:30,1448.4,1449.5,1448.2,1449.3,20805,0
2025-06-05 12:28:00+05:30,1449.0,1449.8,1448.3,1448.4,12120,0
2025-06-05 12:29:00+05:30,1448.4,1449.0,1448.2,1448.8,7765,0
2025-06-05 12:30:00+05:30,1449.1,1450.7,1449.0,1449.1,18066,0
2025-06-05 12:31:00+05:30,1449.2,1449.9,1448.5,1448.6,7991,0
2025-06-05 12:32:00+05:30,1448.9,1449.9,1448.6,1449.7,5949,0
2025-06-05 12:33:00+05:30,1449.5,1449.9,1448.5,1448.7,10129,0
2025-06-05 12:34:00+05:30,1448.7,1449.0,1447.5,1448.1,18059,0
2025-06-05 12:35:00+05:30,1447.6,1448.3,1446.8,1447.6,21179,0
2025-06-05 12:36:00+05:30,1447.7,1448.5,1447.3,1448.0,10569,0
2025-06-05 12:37:00+05:30,1448.0,1448.9,1447.5,1448.3,10052,0
2025-06-05 12:38:00+05:30,1448.3,1448.7,1448.0,1448.3,4498,0
2025-06-05 12:39:00+05:30,1448.3,1448.5,1446.8,1447.2,17856,0
2025-06-05 12:40:00+05:30,1447.1,1448.5,1446.9,1448.2,8961,0
2025-06-05 12:41:00+05:30,1448.2,1449.5,1447.7,1448.0,9554,0
2025-06-05 12:42:00+05:30,1448.4,1449.0,1448.1,1448.4,7216,0
2025-06-05 12:43:00+05:30,1448.4,1448.9,1447.6,1448.7,6628,0
2025-06-05 12:44:00+05:30,1448.7,1449.2,1447.9,1448.2,17416,0
2025-06-05 12:45:00+05:30,1448.0,1448.5,1447.6,1448.5,7729,0
2025-06-05 12:46:00+05:30,1448.5,1449.0,1447.8,1448.6,24218,0
2025-06-05 12:47:00+05:30,1448.6,1449.7,1448.1,1448.7,21180,0
2025-06-05 12:48:00+05:30,1448.7,1448.9,1447.6,1448.5,15997,0
2025-06-05 12:49:00+05:30,1448.5,1448.9,1448.1,1448.2,5826,0
2025-06-05 12:50:00+05:30,1448.2,1448.5,1447.6,1448.4,11821,0
2025-06-05 12:51:00+05:30,1447.9,1448.4,1447.6,1448.3,8160,0
2025-06-05 12:52:00+05:30,1448.2,1448.9,1447.9,1448.5,7511,0
2025-06-05 12:53:00+05:30,1448.4,1448.6,1448.1,1448.5,4260,0
2025-06-05 12:54:00+05:30,1448.3,1448.7,1447.9,1448.6,14484,0
2025-06-05 12:55:00+05:30,1448.7,1449.6,1448.0,1448.0,24076,0
2025-06-05 12:56:00+05:30,1448.6,1448.6,1447.7,1448.2,19392,0
2025-06-05 12:57:00+05:30,1448.2,1448.3,1446.2,1447.2,38954,0
2025-06-05 12:58:00+05:30,1447.2,1447.5,1446.5,1447.0,15203,0
2025-06-05 12:59:00+05:30,1447.5,1448.4,1446.6,1447.4,23529,0
2025-06-05 13:00:00+05:30,1447.4,1448.5,1447.3,1448.5,7113,0
2025-06-05 13:01:00+05:30,1448.4,1448.5,1447.2,1447.3,12643,0
2025-06-05 13:02:00+05:30,1447.4,1448.3,1447.3,1448.0,6169,0
2025-06-05 13:03:00+05:30,1447.8,1448.7,1447.7,1448.2,6306,0
2025-06-05 13:04:00+05:30,1447.8,1448.5,1447.6,1448.4,6238,0
2025-06-05 13:05:00+05:30,1448.2,1449.4,1447.8,1448.9,9574,0
2025-06-05 13:06:00+05:30,1448.7,1449.0,1447.9,1449.0,13086,0
2025-06-05 13:07:00+05:30,1448.4,1449.5,1447.8,1448.6,5925,0
2025-06-05 13:08:00+05:30,1448.2,1448.6,1447.1,1448.2,22733,0
2025-06-05 13:09:00+05:30,1448.0,1448.0,1446.6,1447.5,16842,0
2025-06-05 13:10:00+05:30,1447.3,1448.0,1447.3,1447.5,12966,0
2025-06-05 13:11:00+05:30,1447.5,1447.8,1446.8,1447.4,8979,0
2025-06-05 13:12:00+05:30,1446.9,1448.5,1446.9,1448.3,98074,0
2025-06-05 13:13:00+05:30,1447.6,1448.3,1446.0,1446.7,29004,0
2025-06-05 13:14:00+05:30,1446.3,1447.4,1446.0,1446.8,8726,0
2025-06-05 13:15:00+05:30,1447.1,1448.0,1446.6,1446.9,25732,0
2025-06-05 13:16:00+05:30,1447.0,1447.8,1446.6,1447.4,13795,0
2025-06-05 13:17:00+05:30,1446.9,1447.6,1446.6,1447.3,8614,0
2025-06-05 13:18:00+05:30,1447.1,1448.0,1446.6,1447.7,24875,0
2025-06-05 13:19:00+05:30,1447.7,1447.8,1446.6,1446.6,10999,0
2025-06-05 13:20:00+05:30,1446.6,1447.4,1446.1,1447.0,47505,0
2025-06-05 13:21:00+05:30,1446.5,1447.1,1446.0,1447.0,13155,0
2025-06-05 13:22:00+05:30,1446.8,1447.0,1445.3,1445.3,13019,0
2025-06-05 13:23:00+05:30,1445.8,1446.5,1445.0,1446.4,22232,0
2025-06-05 13:24:00+05:30,1445.9,1446.9,1445.6,1446.5,14559,0
2025-06-05 13:25:00+05:30,1446.2,1446.9,1445.8,1446.6,13351,0
2025-06-05 13:26:00+05:30,1446.6,1446.9,1445.6,1446.6,7211,0
2025-06-05 13:27:00+05:30,1446.6,1447.6,1446.2,1447.5,9609,0
2025-06-05 13:28:00+05:30,1447.2,1447.8,1446.3,1447.0,8143,0
2025-06-05 13:29:00+05:30,1446.5,1447.1,1446.2,1446.9,14244,0
2025-06-05 13:30:00+05:30,1446.4,1446.6,1444.1,1444.8,59229,0
2025-06-05 13:31:00+05:30,1444.9,1445.1,1442.5,1443.9,37046,0
2025-06-05 13:32:00+05:30,1443.9,1444.5,1443.1,1443.7,24016,0
2025-06-05 13:33:00+05:30,1443.7,1445.0,1443.3,1444.6,11222,0
2025-06-05 13:34:00+05:30,1444.6,1445.0,1444.0,1444.7,29531,0
2025-06-05 13:35:00+05:30,1444.2,1444.6,1443.0,1443.7,45561,0
2025-06-05 13:36:00+05:30,1443.7,1444.2,1443.0,1443.2,18194,0
2025-06-05 13:37:00+05:30,1443.1,1444.8,1443.1,1444.5,14506,0
2025-06-05 13:38:00+05:30,1444.3,1445.0,1444.0,1444.6,7363,0
2025-06-05 13:39:00+05:30,1444.6,1444.9,1444.2,1444.6,4577,0
2025-06-05 13:40:00+05:30,1444.9,1446.4,1444.6,1445.5,16811,0
2025-06-05 13:41:00+05:30,1445.6,1445.8,1445.0,1445.3,5461,0
2025-06-05 13:42:00+05:30,1445.3,1445.8,1445.0,1445.7,4240,0
2025-06-05 13:43:00+05:30,1445.6,1445.6,1443.4,1443.6,18539,0
2025-06-05 13:44:00+05:30,1443.6,1444.7,1443.6,1444.1,9862,0
2025-06-05 13:45:00+05:30,1444.1,1444.8,1443.5,1444.5,7201,0
2025-06-05 13:46:00+05:30,1444.0,1444.5,1443.9,1444.1,4333,0
2025-06-05 13:47:00+05:30,1444.5,1445.0,1443.8,1444.9,8010,0
2025-06-05 13:48:00+05:30,1444.3,1445.0,1444.0,1444.9,11083,0
2025-06-05 13:49:00+05:30,1445.0,1445.5,1444.4,1445.3,29820,0
2025-06-05 13:50:00+05:30,1445.4,1445.4,1444.3,1444.8,5989,0
2025-06-05 13:51:00+05:30,1444.8,1445.1,1444.1,1445.1,6006,0
2025-06-05 13:52:00+05:30,1445.1,1445.5,1444.5,1444.6,6666,0
2025-06-05 13:53:00+05:30,1444.7,1445.4,1444.4,1445.3,5590,0
2025-06-05 13:54:00+05:30,1445.2,1445.6,1444.5,1445.0,4734,0
2025-06-05 13:55:00+05:30,1444.8,1445.1,1444.2,1444.8,7290,0
2025-06-05 13:56:00+05:30,1444.3,1445.3,1444.0,1444.7,14117,0
2025-06-05 13:57:00+05:30,1444.5,1444.9,1444.1,1444.2,7530,0
2025-06-05 13:58:00+05:30,1444.3,1444.8,1443.5,1444.0,35876,0
2025-06-05 13:59:00+05:30,1444.0,1444.6,1443.1,1443.8,25364,0
2025-06-05 14:00:00+05:30,1443.8,1445.6,1443.7,1445.0,26934,0
2025-06-05 14:01:00+05:30,1445.0,1445.5,1443.7,1444.3,27592,0
2025-06-05 14:02:00+05:30,1444.3,1444.8,1442.7,1443.2,55743,0
2025-06-05 14:03:00+05:30,1443.7,1444.0,1442.1,1442.6,30458,0
2025-06-05 14:04:00+05:30,1442.5,1443.3,1442.2,1442.7,11914,0
2025-06-05 14:05:00+05:30,1442.6,1443.0,1442.1,1443.0,13837,0
2025-06-05 14:06:00+05:30,1442.8,1443.6,1442.5,1443.6,6474,0
2025-06-05 14:07:00+05:30,1443.6,1444.0,1443.0,1443.3,8776,0
2025-06-05 14:08:00+05:30,1443.3,1443.5,1442.2,1443.0,10549,0
2025-06-05 14:09:00+05:30,1442.4,1443.3,1441.7,1443.3,25670,0
2025-06-05 14:10:00+05:30,1443.0,1443.5,1442.5,1443.0,10044,0
2025-06-05 14:11:00+05:30,1443.0,1443.0,1441.6,1442.1,23142,0
2025-06-05 14:12:00+05:30,1442.1,1443.6,1442.1,1443.1,13442,0
2025-06-05 14:13:00+05:30,1443.0,1443.9,1442.5,1443.9,9040,0
2025-06-05 14:14:00+05:30,1444.0,1444.0,1442.5,1442.5,5890,0
2025-06-05 14:15:00+05:30,1442.5,1443.5,1442.3,1443.0,19688,0
2025-06-05 14:16:00+05:30,1443.0,1443.6,1442.4,1443.3,13281,0
2025-06-05 14:17:00+05:30,1443.3,1443.5,1442.1,1443.3,12885,0
2025-06-05 14:18:00+05:30,1442.8,1444.0,1442.7,1443.7,20245,0
2025-06-05 14:19:00+05:30,1443.8,1444.0,1443.1,1443.5,26058,0
2025-06-05 14:20:00+05:30,1443.4,1444.0,1442.4,1442.9,41036,0
2025-06-05 14:21:00+05:30,1442.9,1444.0,1442.7,1443.5,19744,0
2025-06-05 14:22:00+05:30,1443.2,1443.9,1442.5,1443.3,32918,0
2025-06-05 14:23:00+05:30,1443.0,1443.7,1442.5,1443.0,10082,0
2025-06-05 14:24:00+05:30,1443.0,1444.0,1442.8,1443.7,18295,0
2025-06-05 14:25:00+05:30,1443.7,1444.3,1443.1,1444.3,10755,0
2025-06-05 14:26:00+05:30,1444.3,1445.0,1443.6,1444.4,14370,0
2025-06-05 14:27:00+05:30,1444.4,1445.0,1443.2,1444.1,66054,0
2025-06-05 14:28:00+05:30,1444.6,1444.8,1443.5,1444.6,21512,0
2025-06-05 14:29:00+05:30,1444.6,1445.8,1444.0,1444.4,66549,0
2025-06-05 14:30:00+05:30,1444.4,1444.9,1443.5,1443.6,12817,0
2025-06-05 14:31:00+05:30,1443.6,1444.5,1443.5,1443.6,14484,0
2025-06-05 14:32:00+05:30,1443.6,1444.3,1443.5,1443.9,8439,0
2025-06-05 14:33:00+05:30,1443.9,1445.5,1443.4,1445.2,19112,0
2025-06-05 14:34:00+05:30,1445.5,1446.1,1445.0,1445.7,25828,0
2025-06-05 14:35:00+05:30,1445.7,1445.9,1445.0,1445.5,9493,0
2025-06-05 14:36:00+05:30,1445.3,1445.3,1444.0,1444.4,16908,0
2025-06-05 14:37:00+05:30,1444.3,1444.9,1443.7,1444.9,18989,0
2025-06-05 14:38:00+05:30,1444.3,1445.3,1444.2,1445.0,22066,0
2025-06-05 14:39:00+05:30,1444.5,1445.3,1444.0,1444.6,15899,0
2025-06-05 14:40:00+05:30,1444.8,1445.4,1443.9,1444.9,17462,0
2025-06-05 14:41:00+05:30,1445.0,1445.9,1444.4,1445.4,15187,0
2025-06-05 14:42:00+05:30,1445.6,1446.9,1445.3,1445.4,31000,0
2025-06-05 14:43:00+05:30,1445.4,1445.8,1444.5,1445.3,15148,0
2025-06-05 14:44:00+05:30,1445.3,1445.5,1444.8,1445.5,10298,0
2025-06-05 14:45:00+05:30,1445.2,1446.4,1444.9,1446.4,44772,0
2025-06-05 14:46:00+05:30,1446.1,1446.4,1445.0,1445.7,33322,0
2025-06-05 14:47:00+05:30,1445.6,1445.9,1445.0,1445.9,15619,0
2025-06-05 14:48:00+05:30,1445.9,1446.8,1445.5,1445.9,21853,0
2025-06-05 14:49:00+05:30,1446.1,1446.6,1445.4,1445.7,28802,0
2025-06-05 14:50:00+05:30,1445.8,1448.0,1445.5,1446.9,45328,0
2025-06-05 14:51:00+05:30,1447.2,1447.2,1445.9,1446.1,28564,0
2025-06-05 14:52:00+05:30,1446.1,1446.9,1445.0,1446.1,41363,0
2025-06-05 14:53:00+05:30,1446.0,1446.4,1445.3,1445.7,17770,0
2025-06-05 14:54:00+05:30,1445.8,1446.1,1444.3,1444.5,37511,0
2025-06-05 14:55:00+05:30,1444.5,1445.3,1443.8,1444.7,58705,0
2025-06-05 14:56:00+05:30,1445.2,1445.2,1443.5,1444.0,16678,0
2025-06-05 14:57:00+05:30,1444.4,1444.7,1443.4,1444.1,38923,0
2025-06-05 14:58:00+05:30,1444.0,1445.0,1443.0,1443.6,47570,0
2025-06-05 14:59:00+05:30,1443.6,1444.8,1443.5,1443.9,27292,0
2025-06-05 15:00:00+05:30,1444.0,1444.9,1442.0,1442.6,140912,0
2025-06-05 15:01:00+05:30,1442.6,1444.0,1442.0,1442.2,134785,0
2025-06-05 15:02:00+05:30,1442.3,1443.7,1441.8,1442.6,164270,0
2025-06-05 15:03:00+05:30,1442.6,1443.1,1441.2,1442.6,127222,0
2025-06-05 15:04:00+05:30,1442.6,1443.2,1441.3,1442.0,123842,0
2025-06-05 15:05:00+05:30,1442.0,1442.4,1441.5,1441.9,183702,0
2025-06-05 15:06:00+05:30,1441.9,1443.2,1441.3,1441.4,177187,0
2025-06-05 15:07:00+05:30,1441.4,1442.5,1441.3,1442.3,88353,0
2025-06-05 15:08:00+05:30,1442.4,1442.9,1441.5,1441.6,125081,0
2025-06-05 15:09:00+05:30,1441.6,1443.3,1440.8,1442.7,176224,0
2025-06-05 15:10:00+05:30,1442.7,1443.0,1441.2,1442.0,146281,0
2025-06-05 15:11:00+05:30,1442.1,1443.0,1441.3,1442.6,141084,0
2025-06-05 15:12:00+05:30,1442.5,1443.2,1441.8,1442.9,154125,0
2025-06-05 15:13:00+05:30,1443.0,1443.0,1441.0,1441.3,179557,0
2025-06-05 15:14:00+05:30,1441.6,1443.8,1441.0,1442.5,176193,0
2025-06-05 15:15:00+05:30,1442.4,1443.1,1440.8,1441.5,191798,0
2025-06-05 15:16:00+05:30,1441.5,1443.3,1441.2,1442.8,123896,0
2025-06-05 15:17:00+05:30,1442.8,1443.5,1441.8,1441.9,154567,0
2025-06-05 15:18:00+05:30,1441.9,1442.0,1441.8,1442.0,104117,0
2025-06-05 15:19:00+05:30,1442.0,1442.7,1441.8,1442.4,114287,0
2025-06-05 15:20:00+05:30,1442.4,1443.6,1442.2,1443.6,112432,0
2025-06-05 15:21:00+05:30,1443.5,1443.6,1442.3,1443.0,114602,0
2025-06-05 15:22:00+05:30,1442.7,1443.6,1441.7,1443.6,114593,0
2025-06-05 15:23:00+05:30,1443.0,1444.1,1443.0,1443.9,155104,0
2025-06-05 15:24:00+05:30,1444.0,1444.6,1443.5,1444.0,112471,0
2025-06-05 15:25:00+05:30,1444.1,1444.1,1442.3,1442.9,114800,0
2025-06-05 15:26:00+05:30,1442.9,1443.9,1442.8,1443.2,96971,0
2025-06-05 15:27:00+05:30,1443.3,1443.6,1442.8,1443.3,96544,0
2025-06-05 15:28:00+05:30,1443.3,1443.4,1440.1,1442.0,96435,0
2025-06-05 15:29:00+05:30,1442.0,1443.0,1440.8,1442.7,24524,0
2025-06-06 09:15:00+05:30,1441.0,1444.9,1438.7,1442.0,370050,0
2025-06-06 09:16:00+05:30,1441.3,1442.0,1439.1,1439.7,38633,0
2025-06-06 09:17:00+05:30,1439.7,1440.6,1439.1,1440.5,52908,0
2025-06-06 09:18:00+05:30,1440.5,1441.3,1440.1,1440.1,31204,0
2025-06-06 09:19:00+05:30,1440.3,1440.3,1438.2,1439.8,53873,0
2025-06-06 09:20:00+05:30,1439.8,1440.0,1438.2,1439.4,43980,0
2025-06-06 09:21:00+05:30,1439.6,1439.9,1438.9,1439.9,20130,0
2025-06-06 09:22:00+05:30,1439.9,1439.9,1438.7,1439.1,28528,0
2025-06-06 09:23:00+05:30,1439.1,1440.6,1439.0,1440.0,31041,0
2025-06-06 09:24:00+05:30,1440.0,1440.3,1439.6,1440.3,21857,0
2025-06-06 09:25:00+05:30,1440.3,1440.6,1439.2,1440.6,28768,0
2025-06-06 09:26:00+05:30,1440.6,1440.7,1439.9,1440.3,19561,0
2025-06-06 09:27:00+05:30,1440.3,1440.4,1438.7,1439.1,25323,0
2025-06-06 09:28:00+05:30,1439.1,1439.7,1438.2,1439.6,33554,0
2025-06-06 09:29:00+05:30,1439.6,1440.0,1439.3,1439.8,13563,0
2025-06-06 09:30:00+05:30,1439.9,1439.9,1439.1,1439.8,16717,0
2025-06-06 09:31:00+05:30,1439.8,1440.3,1439.7,1439.9,15738,0
2025-06-06 09:32:00+05:30,1440.0,1440.5,1439.8,1440.3,22987,0
2025-06-06 09:33:00+05:30,1440.4,1440.4,1439.1,1439.1,15619,0
2025-06-06 09:34:00+05:30,1439.3,1439.4,1438.2,1439.2,54148,0
2025-06-06 09:35:00+05:30,1439.4,1439.7,1439.1,1439.5,39110,0
2025-06-06 09:36:00+05:30,1439.6,1439.6,1438.1,1438.1,33072,0
2025-06-06 09:37:00+05:30,1438.7,1438.7,1437.0,1438.1,42529,0
2025-06-06 09:38:00+05:30,1438.1,1438.3,1437.5,1438.3,11270,0
2025-06-06 09:39:00+05:30,1438.3,1439.1,1438.2,1438.7,13504,0
2025-06-06 09:40:00+05:30,1438.8,1438.8,1438.3,1438.6,14838,0
2025-06-06 09:41:00+05:30,1438.6,1439.0,1437.0,1438.9,44676,0
2025-06-06 09:42:00+05:30,1438.9,1439.0,1438.3,1439.0,14364,0
2025-06-06 09:43:00+05:30,1438.8,1439.0,1438.4,1438.8,13304,0
2025-06-06 09:44:00+05:30,1438.8,1439.0,1438.4,1438.9,37010,0
2025-06-06 09:45:00+05:30,1438.8,1439.1,1438.2,1438.9,29040,0
2025-06-06 09:46:00+05:30,1438.9,1438.9,1438.7,1438.9,4994,0
2025-06-06 09:47:00+05:30,1438.9,1439.9,1438.4,1439.4,45367,0
2025-06-06 09:48:00+05:30,1439.4,1439.4,1438.8,1439.3,11815,0
2025-06-06 09:49:00+05:30,1439.3,1439.9,1439.2,1439.4,14153,0
2025-06-06 09:50:00+05:30,1439.5,1439.5,1439.1,1439.3,10415,0
2025-06-06 09:51:00+05:30,1439.3,1439.4,1439.2,1439.4,8140,0
2025-06-06 09:52:00+05:30,1439.4,1439.9,1439.3,1439.5,28420,0
2025-06-06 09:53:00+05:30,1439.7,1439.8,1439.2,1439.6,13007,0
2025-06-06 09:54:00+05:30,1439.6,1439.7,1439.1,1439.1,5780,0
2025-06-06 09:55:00+05:30,1439.3,1439.8,1439.1,1439.8,23386,0
2025-06-06 09:56:00+05:30,1439.6,1440.0,1439.6,1440.0,11756,0
2025-06-06 09:57:00+05:30,1440.0,1440.1,1439.4,1439.9,12111,0
2025-06-06 09:58:00+05:30,1439.7,1439.8,1438.7,1439.2,17257,0
2025-06-06 09:59:00+05:30,1439.2,1440.1,1439.0,1439.8,17344,0
2025-06-06 10:00:00+05:30,1439.8,1439.8,1439.0,1439.5,7206,0
2025-06-06 10:01:00+05:30,1439.5,1439.6,1437.6,1437.9,44841,0
2025-06-06 10:02:00+05:30,1438.2,1440.0,1438.2,1439.0,331363,0
2025-06-06 10:03:00+05:30,1439.0,1439.0,1438.0,1438.0,15053,0
2025-06-06 10:04:00+05:30,1438.0,1438.4,1437.4,1438.2,14238,0
2025-06-06 10:05:00+05:30,1438.2,1439.8,1437.8,1439.8,11805,0
2025-06-06 10:06:00+05:30,1439.4,1443.9,1439.3,1443.4,156603,0
2025-06-06 10:07:00+05:30,1443.4,1445.4,1442.7,1445.0,65749,0
2025-06-06 10:08:00+05:30,1444.5,1445.7,1443.3,1444.9,74373,0
2025-06-06 10:09:00+05:30,1445.1,1447.8,1445.0,1446.5,56686,0
2025-06-06 10:10:00+05:30,1446.5,1447.2,1445.0,1445.0,74320,0
2025-06-06 10:11:00+05:30,1445.3,1445.6,1442.8,1443.0,61232,0
2025-06-06 10:12:00+05:30,1442.9,1443.7,1442.0,1443.3,30809,0
2025-06-06 10:13:00+05:30,1443.3,1445.5,1442.6,1444.7,92210,0
2025-06-06 10:14:00+05:30,1444.7,1445.9,1444.5,1445.9,23401,0
2025-06-06 10:15:00+05:30,1445.9,1447.3,1445.8,1446.8,53369,0
2025-06-06 10:16:00+05:30,1446.9,1447.2,1445.7,1446.5,39472,0
2025-06-06 10:17:00+05:30,1446.5,1446.6,1444.7,1445.9,53512,0
2025-06-06 10:18:00+05:30,1445.9,1447.0,1445.8,1447.0,46926,0
2025-06-06 10:19:00+05:30,1447.0,1447.8,1446.3,1447.7,34617,0
2025-06-06 10:20:00+05:30,1447.8,1450.0,1447.4,1447.7,63907,0
2025-06-06 10:21:00+05:30,1447.6,1447.7,1446.2,1446.5,21455,0
2025-06-06 10:22:00+05:30,1447.0,1447.0,1446.0,1446.9,22646,0
2025-06-06 10:23:00+05:30,1446.9,1447.4,1446.2,1447.0,27935,0
2025-06-06 10:24:00+05:30,1447.0,1447.2,1446.0,1446.1,23751,0
2025-06-06 10:25:00+05:30,1446.1,1446.5,1444.3,1445.0,25847,0
2025-06-06 10:26:00+05:30,1445.0,1446.0,1444.8,1445.9,16373,0
2025-06-06 10:27:00+05:30,1445.9,1447.2,1445.8,1446.4,23265,0
2025-06-06 10:28:00+05:30,1446.4,1446.9,1445.0,1445.2,18688,0
2025-06-06 10:29:00+05:30,1445.2,1446.5,1444.7,1446.4,11973,0
2025-06-06 10:30:00+05:30,1446.5,1446.9,1445.3,1446.8,25441,0
2025-06-06 10:31:00+05:30,1446.7,1446.9,1445.7,1446.1,13805,0
2025-06-06 10:32:00+05:30,1446.1,1446.7,1446.0,1446.7,5307,0
2025-06-06 10:33:00+05:30,1446.6,1447.4,1445.9,1446.9,20590,0
2025-06-06 10:34:00+05:30,1446.8,1447.4,1445.8,1446.3,10676,0
2025-06-06 10:35:00+05:30,1446.0,1446.4,1445.5,1445.7,11930,0
2025-06-06 10:36:00+05:30,1445.7,1445.7,1444.2,1445.0,20059,0
2025-06-06 10:37:00+05:30,1445.0,1446.7,1444.6,1446.6,23678,0
2025-06-06 10:38:00+05:30,1446.6,1446.9,1445.7,1446.4,7187,0
2025-06-06 10:39:00+05:30,1446.3,1446.8,1445.0,1446.8,20691,0
2025-06-06 10:40:00+05:30,1446.8,1447.4,1446.2,1446.2,14459,0
2025-06-06 10:41:00+05:30,1446.5,1448.0,1446.5,1448.0,14797,0
2025-06-06 10:42:00+05:30,1448.0,1449.0,1446.8,1448.8,49267,0
2025-06-06 10:43:00+05:30,1448.9,1448.9,1447.2,1447.9,9506,0
2025-06-06 10:44:00+05:30,1447.8,1448.7,1447.5,1448.5,16496,0
2025-06-06 10:45:00+05:30,1448.6,1449.1,1448.0,1448.8,25168,0
2025-06-06 10:46:00+05:30,1448.8,1449.4,1448.0,1449.4,22790,0
2025-06-06 10:47:00+05:30,1449.4,1450.4,1448.5,1450.3,64724,0
2025-06-06 10:48:00+05:30,1450.4,1450.9,1449.3,1449.5,35050,0
2025-06-06 10:49:00+05:30,1449.5,1450.3,1449.3,1449.8,34956,0
2025-06-06 10:50:00+05:30,1449.6,1449.9,1448.2,1449.8,16138,0
2025-06-06 10:51:00+05:30,1449.6,1449.9,1449.6,1449.9,7763,0
2025-06-06 10:52:00+05:30,1449.9,1450.0,1449.1,1449.5,19441,0
2025-06-06 10:53:00+05:30,1449.5,1449.8,1448.6,1449.2,15148,0
2025-06-06 10:54:00+05:30,1449.2,1449.6,1448.7,1449.5,7653,0
2025-06-06 10:55:00+05:30,1449.5,1449.5,1449.2,1449.5,7258,0
2025-06-06 10:56:00+05:30,1449.5,1449.8,1449.2,1449.8,7479,0
2025-06-06 10:57:00+05:30,1449.7,1449.9,1448.7,1449.5,8948,0
2025-06-06 10:58:00+05:30,1449.5,1450.2,1449.0,1450.2,17301,0
2025-06-06 10:59:00+05:30,1450.1,1450.2,1449.1,1449.4,18809,0
2025-06-06 11:00:00+05:30,1449.4,1450.4,1449.1,1450.0,24210,0
2025-06-06 11:01:00+05:30,1450.0,1450.0,1449.1,1449.6,7317,0
2025-06-06 11:02:00+05:30,1449.7,1449.9,1449.0,1449.4,7398,0
2025-06-06 11:03:00+05:30,1449.4,1450.9,1449.4,1450.5,36431,0
2025-06-06 11:04:00+05:30,1450.9,1451.5,1450.5,1451.1,22042,0
2025-06-06 11:05:00+05:30,1451.1,1451.2,1450.5,1450.6,24785,0
2025-06-06 11:06:00+05:30,1450.6,1450.8,1449.5,1449.7,20382,0
2025-06-06 11:07:00+05:30,1449.7,1450.1,1449.5,1450.0,6515,0
2025-06-06 11:08:00+05:30,1449.8,1450.0,1449.0,1449.2,25030,0
2025-06-06 11:09:00+05:30,1449.1,1449.9,1448.8,1449.9,5472,0
2025-06-06 11:10:00+05:30,1449.9,1450.2,1448.8,1448.8,50887,0
2025-06-06 11:11:00+05:30,1449.0,1449.3,1448.2,1448.3,9004,0
2025-06-06 11:12:00+05:30,1448.2,1448.7,1447.8,1448.5,19305,0
2025-06-06 11:13:00+05:30,1448.6,1448.6,1448.0,1448.6,6315,0
2025-06-06 11:14:00+05:30,1448.6,1449.2,1448.0,1448.7,7428,0
2025-06-06 11:15:00+05:30,1449.2,1449.8,1448.7,1449.0,18414,0
2025-06-06 11:16:00+05:30,1449.2,1449.9,1449.0,1449.1,37007,0
2025-06-06 11:17:00+05:30,1449.7,1450.0,1449.1,1449.1,14461,0
2025-06-06 11:18:00+05:30,1449.5,1450.0,1449.0,1449.1,7968,0
2025-06-06 11:19:00+05:30,1449.1,1449.7,1449.0,1449.3,27433,0
2025-06-06 11:20:00+05:30,1449.3,1449.8,1449.1,1449.1,9464,0
2025-06-06 11:21:00+05:30,1449.2,1449.5,1447.1,1448.1,38035,0
2025-06-06 11:22:00+05:30,1448.2,1448.2,1447.2,1448.0,14332,0
2025-06-06 11:23:00+05:30,1448.0,1449.0,1447.3,1448.4,10234,0
2025-06-06 11:24:00+05:30,1448.7,1449.4,1448.4,1448.8,14793,0
2025-06-06 11:25:00+05:30,1448.8,1449.8,1448.6,1449.1,7900,0
2025-06-06 11:26:00+05:30,1449.3,1449.9,1449.1,1449.3,3117,0
2025-06-06 11:27:00+05:30,1449.4,1449.8,1449.0,1449.7,4392,0
2025-06-06 11:28:00+05:30,1449.7,1449.8,1449.0,1449.1,6747,0
2025-06-06 11:29:00+05:30,1449.2,1449.6,1449.0,1449.3,14529,0
2025-06-06 11:30:00+05:30,1449.2,1449.3,1449.0,1449.3,14375,0
2025-06-06 11:31:00+05:30,1449.0,1449.4,1447.6,1448.7,52426,0
2025-06-06 11:32:00+05:30,1448.3,1449.4,1448.2,1449.2,15595,0
2025-06-06 11:33:00+05:30,1449.4,1449.6,1449.1,1449.3,14973,0
2025-06-06 11:34:00+05:30,1449.2,1449.5,1449.0,1449.3,8261,0
2025-06-06 11:35:00+05:30,1449.2,1449.4,1449.0,1449.2,10757,0
2025-06-06 11:36:00+05:30,1449.1,1449.5,1449.0,1449.5,4968,0
2025-06-06 11:37:00+05:30,1449.4,1449.6,1449.0,1449.5,9222,0
2025-06-06 11:38:00+05:30,1449.6,1449.6,1449.0,1449.4,6900,0
2025-06-06 11:39:00+05:30,1449.2,1449.6,1449.0,1449.3,4232,0
2025-06-06 11:40:00+05:30,1449.4,1449.4,1449.1,1449.2,8206,0
2025-06-06 11:41:00+05:30,1449.3,1450.9,1449.2,1450.0,61403,0
2025-06-06 11:42:00+05:30,1450.0,1450.5,1449.6,1450.5,9252,0
2025-06-06 11:43:00+05:30,1450.5,1450.9,1449.6,1450.8,23784,0
2025-06-06 11:44:00+05:30,1450.6,1451.0,1450.0,1450.9,6627,0
2025-06-06 11:45:00+05:30,1450.8,1451.0,1450.5,1450.5,8512,0
2025-06-06 11:46:00+05:30,1450.5,1450.9,1450.1,1450.5,7023,0
2025-06-06 11:47:00+05:30,1450.5,1450.6,1449.6,1449.7,36322,0
2025-06-06 11:48:00+05:30,1449.6,1449.8,1449.1,1449.8,15729,0
2025-06-06 11:49:00+05:30,1449.8,1449.8,1449.1,1449.7,9373,0
2025-06-06 11:50:00+05:30,1449.5,1450.3,1449.2,1450.2,12339,0
2025-06-06 11:51:00+05:30,1450.0,1450.4,1450.0,1450.1,8580,0
2025-06-06 11:52:00+05:30,1450.0,1450.5,1450.0,1450.0,6774,0
2025-06-06 11:53:00+05:30,1450.2,1450.3,1449.3,1450.0,33796,0
2025-06-06 11:54:00+05:30,1450.1,1450.3,1449.7,1449.8,8305,0
2025-06-06 11:55:00+05:30,1449.7,1450.8,1449.7,1450.8,11245,0
2025-06-06 11:56:00+05:30,1450.8,1451.0,1450.4,1450.8,4566,0
2025-06-06 11:57:00+05:30,1450.8,1450.9,1450.1,1450.6,6210,0
2025-06-06 11:58:00+05:30,1450.2,1450.9,1450.1,1450.5,3643,0
2025-06-06 11:59:00+05:30,1450.3,1450.8,1450.3,1450.6,6061,0
2025-06-06 12:00:00+05:30,1450.6,1450.8,1449.8,1450.6,22862,0
2025-06-06 12:01:00+05:30,1450.3,1450.8,1448.5,1449.5,77122,0
2025-06-06 12:02:00+05:30,1449.7,1449.8,1448.3,1448.9,9251,0
2025-06-06 12:03:00+05:30,1448.9,1449.0,1448.6,1448.9,5740,0
2025-06-06 12:04:00+05:30,1448.6,1449.2,1448.5,1448.7,10903,0
2025-06-06 12:05:00+05:30,1448.6,1448.7,1447.7,1448.0,8193,0
2025-06-06 12:06:00+05:30,1448.1,1448.5,1447.8,1448.3,3993,0
2025-06-06 12:07:00+05:30,1448.5,1448.5,1447.7,1448.3,6372,0
2025-06-06 12:08:00+05:30,1447.7,1448.4,1447.0,1447.7,20046,0
2025-06-06 12:09:00+05:30,1447.8,1448.1,1447.5,1447.9,4085,0
2025-06-06 12:10:00+05:30,1447.9,1448.0,1447.1,1447.6,19640,0
2025-06-06 12:11:00+05:30,1447.6,1447.9,1447.1,1447.4,14002,0
2025-06-06 12:12:00+05:30,1447.4,1447.8,1446.5,1446.9,13222,0
2025-06-06 12:13:00+05:30,1446.7,1447.7,1446.0,1447.5,75131,0
2025-06-06 12:14:00+05:30,1447.5,1448.0,1446.4,1446.9,12030,0
2025-06-06 12:15:00+05:30,1446.9,1447.3,1446.0,1446.5,9084,0
2025-06-06 12:16:00+05:30,1446.4,1446.6,1445.1,1446.0,19741,0
2025-06-06 12:17:00+05:30,1445.7,1446.9,1445.6,1446.7,9261,0
2025-06-06 12:18:00+05:30,1446.7,1447.0,1446.2,1446.8,5011,0
2025-06-06 12:19:00+05:30,1446.6,1447.0,1446.2,1446.9,5765,0
2025-06-06 12:20:00+05:30,1447.0,1447.0,1446.6,1447.0,4469,0
2025-06-06 12:21:00+05:30,1446.9,1447.0,1445.1,1445.8,20269,0
2025-06-06 12:22:00+05:30,1445.6,1446.6,1445.3,1446.5,5352,0
2025-06-06 12:23:00+05:30,1446.5,1446.7,1445.6,1446.3,13825,0
2025-06-06 12:24:00+05:30,1445.9,1447.2,1445.9,1447.2,16967,0
2025-06-06 12:25:00+05:30,1446.8,1447.2,1446.1,1446.8,7482,0
2025-06-06 12:26:00+05:30,1446.8,1447.1,1446.2,1446.8,6058,0
2025-06-06 12:27:00+05:30,1446.6,1447.2,1446.0,1446.5,13682,0
2025-06-06 12:28:00+05:30,1446.5,1447.1,1446.3,1447.0,5000,0
2025-06-06 12:29:00+05:30,1446.7,1447.7,1446.1,1447.1,18066,0
2025-06-06 12:30:00+05:30,1446.9,1447.9,1446.7,1447.3,9062,0
2025-06-06 12:31:00+05:30,1447.3,1448.0,1447.3,1448.0,4609,0
2025-06-06 12:32:00+05:30,1447.4,1448.0,1446.5,1447.0,10857,0
2025-06-06 12:33:00+05:30,1447.0,1447.3,1446.4,1447.0,6293,0
2025-06-06 12:34:00+05:30,1447.0,1447.0,1446.7,1447.0,5247,0
2025-06-06 12:35:00+05:30,1447.0,1447.0,1446.4,1446.9,3460,0
2025-06-06 12:36:00+05:30,1446.9,1446.9,1446.0,1446.6,8674,0
2025-06-06 12:37:00+05:30,1446.8,1446.9,1446.0,1446.5,4235,0
2025-06-06 12:38:00+05:30,1446.4,1446.9,1445.0,1445.9,22118,0
2025-06-06 12:39:00+05:30,1445.6,1446.0,1444.6,1445.3,12041,0
2025-06-06 12:40:00+05:30,1445.3,1445.9,1444.6,1445.2,8322,0
2025-06-06 12:41:00+05:30,1445.2,1446.0,1444.9,1445.2,17381,0
2025-06-06 12:42:00+05:30,1445.7,1446.0,1445.0,1445.2,9086,0
2025-06-06 12:43:00+05:30,1445.8,1446.0,1444.9,1445.5,23143,0
2025-06-06 12:44:00+05:30,1445.0,1445.5,1444.6,1444.9,11817,0
2025-06-06 12:45:00+05:30,1444.9,1446.0,1444.4,1445.0,14686,0
2025-06-06 12:46:00+05:30,1445.0,1445.3,1444.6,1445.3,6445,0
2025-06-06 12:47:00+05:30,1445.1,1445.7,1444.8,1445.1,7651,0
2025-06-06 12:48:00+05:30,1445.1,1445.8,1444.9,1445.1,13417,0
2025-06-06 12:49:00+05:30,1445.1,1445.7,1444.9,1445.6,9997,0
2025-06-06 12:50:00+05:30,1445.3,1445.9,1445.0,1445.5,10100,0
2025-06-06 12:51:00+05:30,1445.2,1446.0,1445.1,1445.8,23780,0
2025-06-06 12:52:00+05:30,1445.3,1446.2,1445.1,1445.6,27406,0
2025-06-06 12:53:00+05:30,1445.3,1446.1,1445.2,1446.0,13687,0
2025-06-06 12:54:00+05:30,1445.7,1446.0,1445.3,1446.0,9754,0
2025-06-06 12:55:00+05:30,1445.7,1446.6,1445.3,1446.3,15052,0
2025-06-06 12:56:00+05:30,1446.3,1446.8,1445.8,1446.2,6054,0
2025-06-06 12:57:00+05:30,1445.9,1446.9,1445.5,1446.5,10630,0
2025-06-06 12:58:00+05:30,1446.2,1446.6,1445.7,1446.4,8978,0
2025-06-06 12:59:00+05:30,1445.9,1446.6,1445.6,1446.2,12090,0
2025-06-06 13:00:00+05:30,1445.9,1446.4,1445.6,1446.4,4867,0
2025-06-06 13:01:00+05:30,1446.3,1446.9,1446.0,1446.7,6199,0
2025-06-06 13:02:00+05:30,1446.7,1446.8,1446.0,1446.4,8653,0
2025-06-06 13:03:00+05:30,1446.0,1446.4,1445.5,1446.3,14829,0
2025-06-06 13:04:00+05:30,1446.0,1446.4,1445.5,1445.9,10953,0
2025-06-06 13:05:00+05:30,1445.9,1446.3,1445.5,1446.3,6625,0
2025-06-06 13:06:00+05:30,1446.0,1446.3,1445.5,1445.7,6461,0
2025-06-06 13:07:00+05:30,1445.7,1446.2,1445.5,1446.0,12344,0
2025-06-06 13:08:00+05:30,1446.1,1446.1,1444.6,1445.2,51616,0
2025-06-06 13:09:00+05:30,1445.2,1445.9,1444.7,1445.6,12308,0
2025-06-06 13:10:00+05:30,1445.7,1446.4,1445.1,1446.3,11133,0
2025-06-06 13:11:00+05:30,1446.4,1447.0,1445.6,1445.7,15245,0
2025-06-06 13:12:00+05:30,1446.0,1446.5,1445.5,1446.0,7461,0
2025-06-06 13:13:00+05:30,1446.2,1446.2,1445.6,1446.1,5298,0
2025-06-06 13:14:00+05:30,1446.0,1446.4,1445.5,1445.9,15576,0
2025-06-06 13:15:00+05:30,1445.9,1446.0,1445.0,1446.0,16317,0
2025-06-06 13:16:00+05:30,1445.8,1446.0,1444.8,1445.7,19583,0
2025-06-06 13:17:00+05:30,1445.4,1445.9,1445.0,1445.4,6295,0
2025-06-06 13:18:00+05:30,1445.8,1445.8,1444.2,1444.6,16800,0
2025-06-06 13:19:00+05:30,1444.2,1445.6,1444.2,1445.2,14326,0
2025-06-06 13:20:00+05:30,1445.3,1445.4,1444.5,1444.7,11293,0
2025-06-06 13:21:00+05:30,1444.7,1445.3,1444.3,1445.0,6450,0
2025-06-06 13:22:00+05:30,1445.0,1445.2,1444.5,1445.0,6632,0
2025-06-06 13:23:00+05:30,1445.2,1445.3,1444.5,1445.3,12420,0
2025-06-06 13:24:00+05:30,1445.0,1445.2,1444.4,1444.7,6850,0
2025-06-06 13:25:00+05:30,1444.7,1445.7,1444.4,1444.8,8576,0
2025-06-06 13:26:00+05:30,1445.0,1445.7,1444.6,1445.1,4782,0
2025-06-06 13:27:00+05:30,1445.1,1445.2,1444.7,1445.1,6007,0
2025-06-06 13:28:00+05:30,1445.0,1445.3,1444.7,1445.3,5530,0
2025-06-06 13:29:00+05:30,1445.1,1445.3,1444.0,1444.0,18292,0
2025-06-06 13:30:00+05:30,1444.4,1444.7,1443.5,1444.5,21272,0
2025-06-06 13:31:00+05:30,1444.3,1444.5,1443.3,1443.8,16415,0
2025-06-06 13:32:00+05:30,1443.7,1444.1,1443.1,1443.9,23751,0
2025-06-06 13:33:00+05:30,1443.7,1444.3,1443.3,1444.0,9045,0
2025-06-06 13:34:00+05:30,1444.0,1444.4,1443.9,1444.4,6595,0
2025-06-06 13:35:00+05:30,1444.4,1444.9,1444.0,1444.5,7161,0
2025-06-06 13:36:00+05:30,1444.7,1445.0,1443.6,1444.4,21947,0
2025-06-06 13:37:00+05:30,1444.2,1444.6,1443.5,1444.1,22380,0
2025-06-06 13:38:00+05:30,1444.0,1444.4,1443.7,1444.2,5117,0
2025-06-06 13:39:00+05:30,1444.3,1444.4,1443.1,1443.6,46538,0
2025-06-06 13:40:00+05:30,1443.5,1443.6,1443.1,1443.6,6942,0
2025-06-06 13:41:00+05:30,1443.6,1443.9,1443.1,1443.3,16599,0
2025-06-06 13:42:00+05:30,1443.6,1443.9,1443.1,1443.9,9590,0
2025-06-06 13:43:00+05:30,1443.8,1443.9,1442.1,1443.4,48971,0
2025-06-06 13:44:00+05:30,1443.4,1443.8,1443.0,1443.7,5538,0
2025-06-06 13:45:00+05:30,1443.4,1443.7,1442.2,1443.0,19210,0
2025-06-06 13:46:00+05:30,1443.1,1443.2,1442.4,1442.9,8552,0
2025-06-06 13:47:00+05:30,1442.8,1443.9,1442.7,1443.3,7367,0
2025-06-06 13:48:00+05:30,1443.1,1443.5,1442.6,1443.5,6356,0
2025-06-06 13:49:00+05:30,1443.3,1443.5,1442.4,1442.7,27594,0
2025-06-06 13:50:00+05:30,1442.7,1443.3,1442.1,1442.1,22458,0
2025-06-06 13:51:00+05:30,1442.3,1442.9,1442.1,1442.8,13442,0
2025-06-06 13:52:00+05:30,1442.7,1443.1,1442.2,1442.7,9349,0
2025-06-06 13:53:00+05:30,1442.6,1443.1,1442.2,1442.6,9767,0
2025-06-06 13:54:00+05:30,1442.6,1443.0,1441.6,1442.6,24702,0
2025-06-06 13:55:00+05:30,1442.7,1442.8,1441.8,1442.4,20140,0
2025-06-06 13:56:00+05:30,1442.4,1442.6,1441.5,1442.2,19671,0
2025-06-06 13:57:00+05:30,1442.2,1443.0,1441.9,1442.9,15246,0
2025-06-06 13:58:00+05:30,1442.9,1443.8,1442.3,1443.6,19323,0
2025-06-06 13:59:00+05:30,1443.6,1443.8,1443.1,1443.6,27483,0
2025-06-06 14:00:00+05:30,1443.3,1443.9,1443.1,1443.9,11973,0
2025-06-06 14:01:00+05:30,1443.9,1444.3,1443.5,1444.3,9247,0
2025-06-06 14:02:00+05:30,1444.2,1444.5,1443.7,1444.5,11160,0
2025-06-06 14:03:00+05:30,1444.3,1444.7,1444.1,1444.5,5821,0
2025-06-06 14:04:00+05:30,1444.3,1444.5,1444.2,1444.5,8693,0
2025-06-06 14:05:00+05:30,1444.5,1444.5,1443.5,1444.2,12449,0
2025-06-06 14:06:00+05:30,1443.9,1444.2,1443.4,1443.8,6979,0
2025-06-06 14:07:00+05:30,1443.7,1444.0,1443.2,1443.7,7856,0
2025-06-06 14:08:00+05:30,1443.6,1443.8,1443.2,1443.8,7014,0
2025-06-06 14:09:00+05:30,1443.6,1443.8,1442.8,1443.1,22473,0
2025-06-06 14:10:00+05:30,1443.1,1443.3,1441.9,1442.4,17541,0
2025-06-06 14:11:00+05:30,1442.2,1442.5,1441.7,1442.4,11215,0
2025-06-06 14:12:00+05:30,1442.4,1442.5,1442.0,1442.2,6069,0
2025-06-06 14:13:00+05:30,1442.2,1442.5,1441.6,1442.1,11335,0
2025-06-06 14:14:00+05:30,1442.4,1442.5,1441.5,1442.2,12248,0
2025-06-06 14:15:00+05:30,1442.2,1442.8,1441.6,1442.2,10232,0
2025-06-06 14:16:00+05:30,1442.3,1443.2,1442.3,1442.7,14462,0
2025-06-06 14:17:00+05:30,1442.7,1443.3,1442.5,1443.1,4856,0
2025-06-06 14:18:00+05:30,1443.1,1443.2,1442.5,1442.9,6593,0
2025-06-06 14:19:00+05:30,1442.8,1443.2,1442.5,1442.7,5904,0
2025-06-06 14:20:00+05:30,1442.7,1443.3,1442.2,1442.7,8224,0
2025-06-06 14:21:00+05:30,1442.6,1443.2,1442.4,1442.4,8369,0
2025-06-06 14:22:00+05:30,1442.5,1443.6,1442.3,1443.4,8636,0
2025-06-06 14:23:00+05:30,1443.4,1444.0,1442.8,1444.0,29363,0
2025-06-06 14:24:00+05:30,1443.5,1444.0,1442.6,1443.0,19634,0
2025-06-06 14:25:00+05:30,1442.9,1443.5,1442.5,1442.8,24108,0
2025-06-06 14:26:00+05:30,1442.8,1443.6,1442.5,1442.8,8082,0
2025-06-06 14:27:00+05:30,1442.8,1443.4,1442.3,1442.6,17778,0
2025-06-06 14:28:00+05:30,1442.6,1443.1,1442.3,1442.7,13149,0
2025-06-06 14:29:00+05:30,1442.7,1443.3,1442.4,1443.2,8231,0
2025-06-06 14:30:00+05:30,1443.1,1443.3,1442.6,1443.1,5975,0
2025-06-06 14:31:00+05:30,1443.1,1443.2,1442.5,1442.8,11278,0
2025-06-06 14:32:00+05:30,1442.7,1443.3,1442.2,1442.7,11641,0
2025-06-06 14:33:00+05:30,1442.7,1443.5,1442.2,1442.7,7934,0
2025-06-06 14:34:00+05:30,1442.7,1442.9,1442.1,1442.7,8210,0
2025-06-06 14:35:00+05:30,1442.4,1442.9,1442.2,1442.8,8299,0
2025-06-06 14:36:00+05:30,1442.2,1443.0,1442.2,1442.4,13398,0
2025-06-06 14:37:00+05:30,1442.4,1442.9,1441.6,1441.8,23333,0
2025-06-06 14:38:00+05:30,1441.7,1442.5,1441.4,1441.9,7953,0
2025-06-06 14:39:00+05:30,1441.9,1442.4,1441.5,1441.8,9245,0
2025-06-06 14:40:00+05:30,1441.8,1442.2,1441.4,1441.7,8818,0
2025-06-06 14:41:00+05:30,1441.7,1442.3,1441.5,1441.9,9683,0
2025-06-06 14:42:00+05:30,1441.9,1442.5,1441.4,1442.2,27842,0
2025-06-06 14:43:00+05:30,1442.1,1442.7,1441.5,1441.9,8112,0
2025-06-06 14:44:00+05:30,1442.0,1442.5,1441.6,1442.0,7062,0
2025-06-06 14:45:00+05:30,1441.6,1442.2,1441.5,1441.8,13568,0
2025-06-06 14:46:00+05:30,1441.8,1442.8,1441.5,1442.3,8585,0
2025-06-06 14:47:00+05:30,1442.3,1442.9,1442.0,1442.4,7714,0
2025-06-06 14:48:00+05:30,1442.3,1443.0,1442.0,1442.6,20620,0
2025-06-06 14:49:00+05:30,1442.6,1443.0,1442.2,1442.6,10334,0
2025-06-06 14:50:00+05:30,1442.6,1443.0,1442.2,1442.3,8087,0
2025-06-06 14:51:00+05:30,1442.3,1443.0,1442.2,1442.9,11803,0
2025-06-06 14:52:00+05:30,1442.7,1443.0,1442.2,1442.5,26373,0
2025-06-06 14:53:00+05:30,1442.6,1443.0,1442.2,1442.4,8023,0
2025-06-06 14:54:00+05:30,1442.4,1443.0,1442.0,1442.1,16446,0
2025-06-06 14:55:00+05:30,1442.2,1442.9,1441.8,1442.8,22389,0
2025-06-06 14:56:00+05:30,1442.3,1442.8,1441.9,1442.3,5822,0
2025-06-06 14:57:00+05:30,1442.3,1443.4,1442.0,1442.7,33519,0
2025-06-06 14:58:00+05:30,1442.5,1443.0,1442.0,1442.7,28659,0
2025-06-06 14:59:00+05:30,1442.7,1443.0,1442.0,1442.8,13194,0
2025-06-06 15:00:00+05:30,1442.5,1443.0,1442.0,1443.0,46654,0
2025-06-06 15:01:00+05:30,1443.0,1443.6,1442.5,1443.3,34950,0
2025-06-06 15:02:00+05:30,1443.6,1443.7,1442.2,1442.8,21991,0
2025-06-06 15:03:00+05:30,1442.8,1443.1,1442.4,1443.1,31207,0
2025-06-06 15:04:00+05:30,1443.1,1443.3,1442.5,1443.1,26667,0
2025-06-06 15:05:00+05:30,1443.1,1443.2,1442.7,1443.0,35573,0
2025-06-06 15:06:00+05:30,1443.0,1443.8,1442.8,1443.4,35967,0
2025-06-06 15:07:00+05:30,1443.4,1444.0,1443.3,1444.0,27412,0
2025-06-06 15:08:00+05:30,1444.0,1444.2,1443.6,1444.1,25751,0
2025-06-06 15:09:00+05:30,1444.1,1445.5,1444.0,1444.7,74548,0
2025-06-06 15:10:00+05:30,1444.6,1444.7,1444.0,1444.4,45981,0
2025-06-06 15:11:00+05:30,1444.4,1444.5,1443.3,1443.6,34636,0
2025-06-06 15:12:00+05:30,1443.6,1443.9,1443.4,1443.9,28470,0
2025-06-06 15:13:00+05:30,1443.9,1443.9,1443.1,1443.7,27086,0
2025-06-06 15:14:00+05:30,1443.7,1443.9,1443.2,1443.4,31781,0
2025-06-06 15:15:00+05:30,1443.4,1443.7,1442.5,1443.7,49860,0
2025-06-06 15:16:00+05:30,1443.7,1445.0,1443.1,1444.0,82093,0
2025-06-06 15:17:00+05:30,1444.1,1445.8,1443.2,1444.2,91799,0
2025-06-06 15:18:00+05:30,1444.2,1444.2,1442.7,1443.2,37686,0
2025-06-06 15:19:00+05:30,1443.1,1443.5,1442.3,1442.5,39128,0
2025-06-06 15:20:00+05:30,1442.5,1443.9,1442.4,1443.6,58389,0
2025-06-06 15:21:00+05:30,1443.6,1443.9,1442.7,1443.0,36809,0
2025-06-06 15:22:00+05:30,1443.1,1443.3,1442.7,1443.1,40004,0
2025-06-06 15:23:00+05:30,1443.1,1443.8,1443.0,1443.7,37873,0
2025-06-06 15:24:00+05:30,1443.6,1443.6,1442.9,1443.0,62613,0
2025-06-06 15:25:00+05:30,1443.1,1444.0,1443.0,1443.6,45310,0
2025-06-06 15:26:00+05:30,1444.0,1444.0,1442.9,1442.9,60759,0
2025-06-06 15:27:00+05:30,1443.0,1444.0,1442.8,1443.8,29789,0
2025-06-06 15:28:00+05:30,1443.6,1443.8,1443.0,1443.5,31104,0
2025-06-06 15:29:00+05:30,1443.3,1443.9,1441.6,1443.0,16740,0
2025-06-09 09:15:00+05:30,1457.0,1457.5,1452.6,1455.2,545675,0
2025-06-09 09:16:00+05:30,1454.8,1455.7,1453.2,1455.2,137546,0
2025-06-09 09:17:00+05:30,1455.0,1455.5,1452.9,1453.6,66416,0
2025-06-09 09:18:00+05:30,1453.6,1453.8,1451.6,1452.0,49580,0
2025-06-09 09:19:00+05:30,1452.0,1452.3,1450.2,1450.4,35824,0
2025-06-09 09:20:00+05:30,1450.4,1451.8,1450.0,1450.1,27205,0
2025-06-09 09:21:00+05:30,1450.1,1450.7,1448.2,1448.6,64481,0
2025-06-09 09:22:00+05:30,1449.0,1450.8,1448.5,1450.5,21935,0
2025-06-09 09:23:00+05:30,1450.6,1450.6,1449.0,1449.5,20555,0
2025-06-09 09:24:00+05:30,1449.6,1451.3,1449.2,1450.9,22689,0
2025-06-09 09:25:00+05:30,1450.9,1453.0,1450.3,1452.9,39754,0
2025-06-09 09:26:00+05:30,1452.7,1453.3,1452.0,1453.3,28859,0
2025-06-09 09:27:00+05:30,1453.3,1454.0,1452.7,1453.3,19887,0
2025-06-09 09:28:00+05:30,1453.3,1453.3,1451.5,1451.5,12141,0
2025-06-09 09:29:00+05:30,1451.8,1451.8,1450.2,1450.5,16172,0
2025-06-09 09:30:00+05:30,1450.3,1451.5,1450.0,1450.5,18353,0
2025-06-09 09:31:00+05:30,1450.1,1451.2,1450.1,1450.5,11358,0
2025-06-09 09:32:00+05:30,1450.5,1450.6,1450.1,1450.3,10948,0
2025-06-09 09:33:00+05:30,1450.3,1451.2,1450.2,1450.6,19128,0
2025-06-09 09:34:00+05:30,1450.6,1450.7,1450.3,1450.4,17715,0
2025-06-09 09:35:00+05:30,1450.3,1451.4,1450.3,1451.1,21370,0
2025-06-09 09:36:00+05:30,1451.1,1451.6,1451.0,1451.6,12727,0
2025-06-09 09:37:00+05:30,1451.5,1451.8,1450.2,1450.4,28443,0
2025-06-09 09:38:00+05:30,1450.2,1450.5,1450.0,1450.3,18651,0
2025-06-09 09:39:00+05:30,1450.3,1450.5,1449.5,1449.6,36557,0
2025-06-09 09:40:00+05:30,1449.6,1449.6,1448.1,1448.1,38036,0
2025-06-09 09:41:00+05:30,1448.1,1449.7,1448.1,1449.5,16320,0
2025-06-09 09:42:00+05:30,1449.7,1449.8,1448.4,1449.1,14384,0
2025-06-09 09:43:00+05:30,1449.1,1449.8,1448.8,1449.7,9570,0
2025-06-09 09:44:00+05:30,1449.7,1450.7,1448.7,1450.3,16027,0
2025-06-09 09:45:00+05:30,1450.3,1451.0,1450.0,1450.1,28009,0
2025-06-09 09:46:00+05:30,1450.1,1450.1,1448.5,1449.4,21377,0
2025-06-09 09:47:00+05:30,1449.4,1449.7,1448.7,1449.7,9106,0
2025-06-09 09:48:00+05:30,1449.7,1449.8,1449.0,1449.7,10719,0
2025-06-09 09:49:00+05:30,1449.6,1449.9,1448.6,1449.6,11059,0
2025-06-09 09:50:00+05:30,1449.5,1449.7,1449.0,1449.3,7366,0
2025-06-09 09:51:00+05:30,1449.3,1449.7,1448.6,1448.6,22705,0
2025-06-09 09:52:00+05:30,1448.8,1448.8,1446.7,1447.0,49483,0
2025-06-09 09:53:00+05:30,1447.3,1449.0,1447.1,1448.6,14781,0
2025-06-09 09:54:00+05:30,1448.6,1449.0,1448.2,1448.2,17739,0
2025-06-09 09:55:00+05:30,1448.5,1448.5,1447.4,1448.1,8142,0
2025-06-09 09:56:00+05:30,1448.5,1448.7,1448.0,1448.4,7022,0
2025-06-09 09:57:00+05:30,1448.4,1449.3,1447.9,1448.9,40195,0
2025-06-09 09:58:00+05:30,1449.0,1449.1,1448.8,1449.0,10796,0
2025-06-09 09:59:00+05:30,1448.9,1449.1,1448.7,1448.9,13332,0
2025-06-09 10:00:00+05:30,1448.7,1448.9,1447.1,1447.5,20112,0
2025-06-09 10:01:00+05:30,1447.5,1448.8,1447.2,1448.6,12795,0
2025-06-09 10:02:00+05:30,1448.6,1448.9,1447.9,1448.1,17263,0
2025-06-09 10:03:00+05:30,1447.8,1448.1,1447.4,1447.9,10042,0
2025-06-09 10:04:00+05:30,1447.9,1448.8,1447.9,1448.8,9487,0
2025-06-09 10:05:00+05:30,1448.6,1449.0,1448.5,1448.6,10647,0
2025-06-09 10:06:00+05:30,1448.6,1448.7,1448.1,1448.4,10871,0
2025-06-09 10:07:00+05:30,1448.4,1448.5,1448.1,1448.3,9551,0
2025-06-09 10:08:00+05:30,1448.4,1448.4,1447.1,1447.6,21080,0
2025-06-09 10:09:00+05:30,1447.5,1447.5,1447.1,1447.5,8797,0
2025-06-09 10:10:00+05:30,1447.5,1448.5,1447.3,1448.2,15599,0
2025-06-09 10:11:00+05:30,1448.2,1448.2,1447.2,1447.4,17577,0
2025-06-09 10:12:00+05:30,1447.2,1447.4,1447.0,1447.2,11507,0
2025-06-09 10:13:00+05:30,1447.0,1447.2,1446.1,1447.1,17281,0
2025-06-09 10:14:00+05:30,1447.1,1447.1,1445.8,1446.6,23845,0
2025-06-09 10:15:00+05:30,1446.8,1446.8,1446.6,1446.7,11290,0
2025-06-09 10:16:00+05:30,1446.7,1446.8,1446.3,1446.3,10216,0
2025-06-09 10:17:00+05:30,1446.4,1447.3,1446.1,1446.9,13810,0
2025-06-09 10:18:00+05:30,1447.1,1447.1,1446.0,1446.1,20431,0
2025-06-09 10:19:00+05:30,1446.0,1446.3,1446.0,1446.2,8660,0
2025-06-09 10:20:00+05:30,1446.1,1447.5,1445.8,1447.0,22935,0
2025-06-09 10:21:00+05:30,1447.5,1447.6,1446.5,1446.5,15830,0
2025-06-09 10:22:00+05:30,1446.5,1446.9,1446.4,1446.9,11184,0
2025-06-09 10:23:00+05:30,1446.9,1447.1,1446.5,1446.6,6096,0
2025-06-09 10:24:00+05:30,1446.9,1447.0,1446.6,1446.9,7815,0
2025-06-09 10:25:00+05:30,1447.0,1447.9,1447.0,1447.9,24097,0
2025-06-09 10:26:00+05:30,1447.7,1447.9,1446.9,1447.7,14689,0
2025-06-09 10:27:00+05:30,1447.7,1449.0,1447.2,1448.5,23805,0
2025-06-09 10:28:00+05:30,1448.5,1448.5,1448.0,1448.2,20599,0
2025-06-09 10:29:00+05:30,1448.2,1448.6,1448.0,1448.6,8899,0
2025-06-09 10:30:00+05:30,1448.6,1449.0,1448.0,1448.6,16483,0
2025-06-09 10:31:00+05:30,1448.5,1448.8,1448.3,1448.3,14302,0
2025-06-09 10:32:00+05:30,1448.3,1448.7,1448.0,1448.7,11318,0
2025-06-09 10:33:00+05:30,1448.5,1448.9,1448.4,1448.4,9074,0
2025-06-09 10:34:00+05:30,1448.7,1449.0,1448.5,1448.7,7889,0
2025-06-09 10:35:00+05:30,1448.6,1448.7,1448.0,1448.1,14369,0
2025-06-09 10:36:00+05:30,1448.1,1448.3,1447.9,1448.0,20777,0
2025-06-09 10:37:00+05:30,1448.0,1448.1,1447.8,1447.8,18213,0
2025-06-09 10:38:00+05:30,1447.8,1447.8,1447.0,1447.5,12726,0
2025-06-09 10:39:00+05:30,1447.5,1447.5,1447.1,1447.4,11999,0
2025-06-09 10:40:00+05:30,1447.4,1448.5,1447.3,1448.3,13675,0
2025-06-09 10:41:00+05:30,1448.4,1448.8,1448.3,1448.7,14893,0
2025-06-09 10:42:00+05:30,1448.7,1448.9,1448.3,1448.3,9380,0
2025-06-09 10:43:00+05:30,1448.4,1448.5,1448.3,1448.5,8958,0
2025-06-09 10:44:00+05:30,1448.5,1448.9,1448.3,1448.7,7087,0
2025-06-09 10:45:00+05:30,1448.9,1449.5,1448.7,1449.5,16719,0
2025-06-09 10:46:00+05:30,1449.3,1449.5,1449.0,1449.0,11153,0
2025-06-09 10:47:00+05:30,1449.0,1449.3,1448.8,1448.9,10251,0
2025-06-09 10:48:00+05:30,1448.9,1449.4,1448.1,1449.4,18162,0
2025-06-09 10:49:00+05:30,1449.3,1449.6,1449.0,1449.2,11830,0
2025-06-09 10:50:00+05:30,1449.2,1449.5,1449.0,1449.4,7273,0
2025-06-09 10:51:00+05:30,1449.4,1449.5,1448.8,1448.8,10939,0
2025-06-09 10:52:00+05:30,1449.0,1449.3,1448.8,1448.8,8327,0
2025-06-09 10:53:00+05:30,1449.0,1449.3,1448.8,1449.2,8133,0
2025-06-09 10:54:00+05:30,1449.2,1450.0,1449.1,1450.0,24322,0
2025-06-09 10:55:00+05:30,1449.9,1450.0,1449.6,1449.8,10555,0
2025-06-09 10:56:00+05:30,1449.6,1449.9,1449.2,1449.4,6778,0
2025-06-09 10:57:00+05:30,1449.7,1449.7,1449.0,1449.5,7753,0
2025-06-09 10:58:00+05:30,1449.4,1449.8,1449.3,1449.3,7081,0
2025-06-09 10:59:00+05:30,1449.6,1449.6,1448.7,1449.0,10970,0
2025-06-09 11:00:00+05:30,1448.9,1449.5,1448.4,1449.4,47119,0
2025-06-09 11:01:00+05:30,1449.4,1449.8,1449.4,1449.8,13157,0
2025-06-09 11:02:00+05:30,1449.8,1449.9,1449.5,1449.8,21724,0
2025-06-09 11:03:00+05:30,1449.8,1449.9,1449.0,1449.2,21010,0
2025-06-09 11:04:00+05:30,1449.2,1449.5,1448.7,1449.5,8697,0
2025-06-09 11:05:00+05:30,1449.5,1449.5,1449.1,1449.4,9564,0
2025-06-09 11:06:00+05:30,1449.1,1449.4,1448.6,1448.9,8869,0
2025-06-09 11:07:00+05:30,1449.3,1449.7,1448.8,1449.2,35890,0
2025-06-09 11:08:00+05:30,1449.2,1449.9,1449.2,1449.7,13657,0
2025-06-09 11:09:00+05:30,1449.9,1451.2,1449.7,1450.3,80959,0
2025-06-09 11:10:00+05:30,1450.3,1450.5,1449.8,1450.1,8160,0
2025-06-09 11:11:00+05:30,1450.1,1450.9,1450.0,1450.5,12210,0
2025-06-09 11:12:00+05:30,1450.5,1450.8,1450.1,1450.1,10709,0
2025-06-09 11:13:00+05:30,1450.4,1451.0,1450.1,1450.9,9929,0
2025-06-09 11:14:00+05:30,1450.6,1451.5,1450.6,1450.8,21536,0
2025-06-09 11:15:00+05:30,1451.2,1452.3,1451.0,1451.6,62453,0
2025-06-09 11:16:00+05:30,1451.6,1452.1,1451.5,1451.7,29708,0
2025-06-09 11:17:00+05:30,1451.7,1451.8,1449.9,1450.7,88011,0
2025-06-09 11:18:00+05:30,1450.6,1450.7,1450.4,1450.5,31612,0
2025-06-09 11:19:00+05:30,1450.5,1450.7,1450.3,1450.6,27944,0
2025-06-09 11:20:00+05:30,1450.7,1450.9,1450.3,1450.4,48377,0
2025-06-09 11:21:00+05:30,1450.5,1450.5,1449.1,1449.5,16504,0
2025-06-09 11:22:00+05:30,1449.5,1449.5,1448.1,1448.6,21227,0
2025-06-09 11:23:00+05:30,1448.9,1449.9,1448.5,1449.7,20289,0
2025-06-09 11:24:00+05:30,1449.7,1450.2,1449.7,1450.0,13531,0
2025-06-09 11:25:00+05:30,1450.1,1450.2,1450.0,1450.1,25047,0
2025-06-09 11:26:00+05:30,1450.2,1450.3,1450.1,1450.3,11521,0
2025-06-09 11:27:00+05:30,1450.2,1450.4,1450.2,1450.4,38650,0
2025-06-09 11:28:00+05:30,1450.3,1451.5,1450.3,1450.4,75788,0
2025-06-09 11:29:00+05:30,1450.5,1450.5,1450.1,1450.1,21620,0
2025-06-09 11:30:00+05:30,1450.2,1450.8,1449.7,1450.3,24377,0
2025-06-09 11:31:00+05:30,1450.3,1450.9,1450.3,1450.4,6439,0
2025-06-09 11:32:00+05:30,1450.4,1450.7,1450.1,1450.6,7086,0
2025-06-09 11:33:00+05:30,1450.6,1450.7,1450.0,1450.5,7159,0
2025-06-09 11:34:00+05:30,1450.1,1450.7,1449.4,1449.7,8802,0
2025-06-09 11:35:00+05:30,1449.6,1451.7,1449.3,1450.1,266849,0
2025-06-09 11:36:00+05:30,1450.4,1450.8,1450.1,1450.8,7611,0
2025-06-09 11:37:00+05:30,1450.7,1450.8,1450.1,1450.5,6535,0
2025-06-09 11:38:00+05:30,1450.4,1450.8,1450.2,1450.8,14228,0
2025-06-09 11:39:00+05:30,1450.6,1450.9,1450.0,1450.5,12821,0
2025-06-09 11:40:00+05:30,1450.5,1451.4,1449.9,1451.1,31998,0
2025-06-09 11:41:00+05:30,1451.1,1451.2,1451.0,1451.0,30047,0
2025-06-09 11:42:00+05:30,1451.1,1451.2,1450.8,1450.9,18728,0
2025-06-09 11:43:00+05:30,1450.8,1451.4,1450.8,1451.4,19139,0
2025-06-09 11:44:00+05:30,1451.1,1451.4,1450.8,1450.9,7625,0
2025-06-09 11:45:00+05:30,1450.9,1451.2,1450.8,1451.0,11790,0
2025-06-09 11:46:00+05:30,1451.0,1451.2,1450.4,1450.7,14440,0
2025-06-09 11:47:00+05:30,1450.8,1450.8,1450.2,1450.6,7510,0
2025-06-09 11:48:00+05:30,1450.6,1451.0,1450.6,1450.9,9078,0
2025-06-09 11:49:00+05:30,1451.0,1451.0,1450.5,1450.9,7389,0
2025-06-09 11:50:00+05:30,1450.9,1451.0,1450.1,1450.5,16033,0
2025-06-09 11:51:00+05:30,1450.7,1452.6,1450.6,1452.2,195523,0
2025-06-09 11:52:00+05:30,1452.1,1452.3,1452.1,1452.3,14021,0
2025-06-09 11:53:00+05:30,1452.3,1452.3,1451.8,1452.0,27573,0
2025-06-09 11:54:00+05:30,1451.8,1452.3,1451.4,1452.2,38535,0
2025-06-09 11:55:00+05:30,1452.0,1452.2,1451.8,1452.0,14383,0
2025-06-09 11:56:00+05:30,1452.1,1452.2,1451.8,1452.0,20564,0
2025-06-09 11:57:00+05:30,1452.0,1452.1,1451.5,1451.9,26380,0
2025-06-09 11:58:00+05:30,1451.8,1451.9,1451.1,1451.2,10026,0
2025-06-09 11:59:00+05:30,1451.2,1451.2,1450.4,1451.1,17490,0
2025-06-09 12:00:00+05:30,1451.1,1451.1,1450.0,1450.0,20735,0
2025-06-09 12:01:00+05:30,1450.2,1450.2,1449.6,1449.8,12215,0
2025-06-09 12:02:00+05:30,1449.8,1451.0,1449.6,1451.0,43477,0
2025-06-09 12:03:00+05:30,1450.7,1451.6,1450.5,1450.8,71067,0
2025-06-09 12:04:00+05:30,1450.7,1450.8,1449.7,1450.0,23484,0
2025-06-09 12:05:00+05:30,1450.0,1450.4,1449.5,1450.2,22486,0
2025-06-09 12:06:00+05:30,1450.2,1450.6,1450.2,1450.6,9271,0
2025-06-09 12:07:00+05:30,1450.6,1450.6,1450.4,1450.6,6804,0
2025-06-09 12:08:00+05:30,1450.6,1450.6,1450.3,1450.5,9022,0
2025-06-09 12:09:00+05:30,1450.6,1450.6,1450.0,1450.1,9393,0
2025-06-09 12:10:00+05:30,1450.0,1450.2,1450.0,1450.2,7466,0
2025-06-09 12:11:00+05:30,1450.1,1452.2,1450.1,1452.0,25909,0
2025-06-09 12:12:00+05:30,1452.0,1452.0,1451.8,1451.9,4858,0
2025-06-09 12:13:00+05:30,1451.8,1451.8,1451.1,1451.7,10182,0
2025-06-09 12:14:00+05:30,1451.6,1452.3,1451.1,1452.3,24797,0
2025-06-09 12:15:00+05:30,1452.3,1452.4,1451.1,1451.7,9118,0
2025-06-09 12:16:00+05:30,1451.6,1451.7,1451.0,1451.6,7174,0
2025-06-09 12:17:00+05:30,1451.6,1452.0,1451.5,1452.0,4886,0
2025-06-09 12:18:00+05:30,1452.0,1452.4,1451.8,1452.4,9938,0
2025-06-09 12:19:00+05:30,1452.4,1452.4,1452.2,1452.3,6219,0
2025-06-09 12:20:00+05:30,1452.2,1452.3,1451.3,1451.4,5295,0
2025-06-09 12:21:00+05:30,1451.4,1452.0,1451.3,1451.9,8840,0
2025-06-09 12:22:00+05:30,1451.9,1452.4,1451.8,1452.3,9849,0
2025-06-09 12:23:00+05:30,1452.4,1452.8,1452.0,1452.8,16501,0
2025-06-09 12:24:00+05:30,1452.5,1452.8,1452.5,1452.7,9851,0
2025-06-09 12:25:00+05:30,1452.6,1452.8,1451.9,1452.7,13251,0
2025-06-09 12:26:00+05:30,1452.7,1452.9,1452.2,1452.3,13357,0
2025-06-09 12:27:00+05:30,1452.4,1452.4,1451.8,1452.3,7457,0
2025-06-09 12:28:00+05:30,1452.3,1452.9,1452.2,1452.9,4559,0
2025-06-09 12:29:00+05:30,1452.8,1452.9,1452.8,1452.9,7047,0
2025-06-09 12:30:00+05:30,1452.9,1453.0,1452.7,1452.8,12306,0
2025-06-09 12:31:00+05:30,1452.7,1452.9,1452.6,1452.7,9104,0
2025-06-09 12:32:00+05:30,1452.7,1452.8,1452.6,1452.7,7445,0
2025-06-09 12:33:00+05:30,1452.8,1453.0,1452.6,1452.9,10410,0
2025-06-09 12:34:00+05:30,1452.9,1453.0,1452.8,1452.9,12738,0
2025-06-09 12:35:00+05:30,1452.8,1452.9,1452.7,1452.8,7896,0
2025-06-09 12:36:00+05:30,1452.8,1453.0,1452.8,1452.9,17680,0
2025-06-09 12:37:00+05:30,1452.9,1452.9,1452.8,1452.9,6260,0
2025-06-09 12:38:00+05:30,1452.9,1452.9,1452.7,1452.8,6363,0
2025-06-09 12:39:00+05:30,1452.8,1452.9,1452.6,1452.8,9615,0
2025-06-09 12:40:00+05:30,1452.6,1452.8,1452.5,1452.6,8511,0
2025-06-09 12:41:00+05:30,1452.6,1452.6,1452.4,1452.6,7293,0
2025-06-09 12:42:00+05:30,1452.6,1452.6,1452.0,1452.3,9690,0
2025-06-09 12:43:00+05:30,1452.3,1452.3,1452.2,1452.2,6288,0
2025-06-09 12:44:00+05:30,1452.2,1452.3,1452.1,1452.1,7503,0
2025-06-09 12:45:00+05:30,1452.2,1452.2,1451.3,1452.1,14807,0
2025-06-09 12:46:00+05:30,1452.0,1452.2,1452.0,1452.1,11988,0
2025-06-09 12:47:00+05:30,1452.0,1452.1,1451.9,1452.0,17552,0
2025-06-09 12:48:00+05:30,1451.9,1452.0,1451.1,1451.6,10009,0
2025-06-09 12:49:00+05:30,1451.6,1451.8,1451.4,1451.5,10112,0
2025-06-09 12:50:00+05:30,1451.4,1451.5,1450.7,1450.7,9775,0
2025-06-09 12:51:00+05:30,1450.8,1451.3,1450.7,1450.8,12716,0
2025-06-09 12:52:00+05:30,1450.8,1450.9,1450.5,1450.5,11084,0
2025-06-09 12:53:00+05:30,1450.6,1450.7,1450.1,1450.7,23674,0
2025-06-09 12:54:00+05:30,1450.7,1451.5,1450.6,1451.1,17633,0
2025-06-09 12:55:00+05:30,1451.1,1452.0,1451.0,1451.5,26507,0
2025-06-09 12:56:00+05:30,1451.5,1451.9,1450.5,1450.7,33712,0
2025-06-09 12:57:00+05:30,1450.5,1450.7,1450.0,1450.3,11519,0
2025-06-09 12:58:00+05:30,1450.0,1450.5,1450.0,1450.1,10559,0
2025-06-09 12:59:00+05:30,1450.5,1450.5,1449.9,1450.0,8152,0
2025-06-09 13:00:00+05:30,1450.1,1450.1,1449.8,1449.8,6340,0
2025-06-09 13:01:00+05:30,1449.8,1449.9,1448.8,1449.5,17710,0
2025-06-09 13:02:00+05:30,1449.1,1449.6,1449.1,1449.4,15328,0
2025-06-09 13:03:00+05:30,1449.3,1449.5,1449.2,1449.2,9780,0
2025-06-09 13:04:00+05:30,1449.3,1449.3,1448.2,1448.7,15135,0
2025-06-09 13:05:00+05:30,1448.7,1448.8,1448.4,1448.4,10354,0
2025-06-09 13:06:00+05:30,1448.4,1448.9,1448.4,1448.8,9764,0
2025-06-09 13:07:00+05:30,1448.8,1449.0,1448.8,1449.0,8308,0
2025-06-09 13:08:00+05:30,1448.9,1449.2,1448.8,1449.1,20196,0
2025-06-09 13:09:00+05:30,1449.2,1449.2,1448.8,1448.9,17481,0
2025-06-09 13:10:00+05:30,1448.9,1448.9,1448.0,1448.5,26217,0
2025-06-09 13:11:00+05:30,1448.3,1448.5,1448.1,1448.3,8283,0
2025-06-09 13:12:00+05:30,1448.3,1448.6,1448.1,1448.4,6252,0
2025-06-09 13:13:00+05:30,1448.4,1448.4,1447.9,1448.0,28118,0
2025-06-09 13:14:00+05:30,1448.0,1448.0,1447.8,1447.9,10557,0
2025-06-09 13:15:00+05:30,1447.9,1448.2,1447.8,1447.8,10917,0
2025-06-09 13:16:00+05:30,1447.9,1448.2,1447.8,1448.0,9108,0
2025-06-09 13:17:00+05:30,1448.1,1448.7,1448.0,1448.5,6730,0
2025-06-09 13:18:00+05:30,1448.5,1449.0,1448.4,1448.6,14147,0
2025-06-09 13:19:00+05:30,1448.6,1448.7,1448.3,1448.5,15000,0
2025-06-09 13:20:00+05:30,1448.4,1448.5,1447.3,1448.3,24348,0
2025-06-09 13:21:00+05:30,1448.3,1448.6,1448.0,1448.1,8055,0
2025-06-09 13:22:00+05:30,1448.0,1448.1,1447.2,1448.0,11287,0
2025-06-09 13:23:00+05:30,1448.0,1448.4,1447.6,1448.4,12646,0
2025-06-09 13:24:00+05:30,1448.3,1448.5,1448.3,1448.4,7233,0
2025-06-09 13:25:00+05:30,1448.5,1448.6,1448.3,1448.3,24115,0
2025-06-09 13:26:00+05:30,1448.4,1448.5,1448.2,1448.2,14060,0
2025-06-09 13:27:00+05:30,1448.3,1448.4,1448.0,1448.1,8806,0
2025-06-09 13:28:00+05:30,1448.1,1448.2,1447.6,1447.7,8768,0
2025-06-09 13:29:00+05:30,1447.8,1448.2,1447.6,1447.6,11021,0
2025-06-09 13:30:00+05:30,1447.6,1448.0,1447.6,1447.8,8535,0
2025-06-09 13:31:00+05:30,1447.8,1447.9,1447.6,1447.7,7710,0
2025-06-09 13:32:00+05:30,1447.7,1447.8,1447.6,1447.7,9541,0
2025-06-09 13:33:00+05:30,1447.6,1447.7,1447.6,1447.6,15001,0
2025-06-09 13:34:00+05:30,1447.6,1447.7,1447.6,1447.7,13608,0
2025-06-09 13:35:00+05:30,1447.6,1447.7,1447.0,1447.2,18984,0
2025-06-09 13:36:00+05:30,1447.0,1447.7,1447.0,1447.3,18865,0
2025-06-09 13:37:00+05:30,1447.6,1447.7,1447.1,1447.3,7335,0
2025-06-09 13:38:00+05:30,1447.3,1447.5,1447.0,1447.1,9217,0
2025-06-09 13:39:00+05:30,1447.1,1447.3,1447.0,1447.1,15191,0
2025-06-09 13:40:00+05:30,1447.2,1447.3,1446.9,1447.1,15547,0
2025-06-09 13:41:00+05:30,1447.1,1447.5,1447.0,1447.3,9984,0
2025-06-09 13:42:00+05:30,1447.3,1447.5,1447.3,1447.3,7597,0
2025-06-09 13:43:00+05:30,1447.4,1447.5,1447.3,1447.5,7804,0
2025-06-09 13:44:00+05:30,1447.5,1447.7,1447.2,1447.5,10377,0
2025-06-09 13:45:00+05:30,1447.4,1447.8,1447.0,1447.2,22955,0
2025-06-09 13:46:00+05:30,1447.2,1447.5,1447.0,1447.1,7131,0
2025-06-09 13:47:00+05:30,1447.1,1447.1,1447.0,1447.1,5551,0
2025-06-09 13:48:00+05:30,1447.0,1447.2,1447.0,1447.2,7330,0
2025-06-09 13:49:00+05:30,1447.1,1447.9,1446.8,1447.8,39854,0
2025-06-09 13:50:00+05:30,1447.9,1448.0,1447.5,1447.6,14651,0
2025-06-09 13:51:00+05:30,1447.5,1447.6,1447.4,1447.6,7392,0
2025-06-09 13:52:00+05:30,1447.4,1447.6,1447.3,1447.4,5550,0
2025-06-09 13:53:00+05:30,1447.3,1447.5,1447.2,1447.4,6983,0
2025-06-09 13:54:00+05:30,1447.3,1447.6,1447.2,1447.5,6239,0
2025-06-09 13:55:00+05:30,1447.5,1447.7,1447.4,1447.5,6808,0
2025-06-09 13:56:00+05:30,1447.4,1447.4,1447.0,1447.4,11765,0
2025-06-09 13:57:00+05:30,1447.3,1447.5,1447.0,1447.5,9269,0
2025-06-09 13:58:00+05:30,1447.5,1447.6,1447.3,1447.6,9358,0
2025-06-09 13:59:00+05:30,1447.5,1447.6,1447.0,1447.1,14500,0
2025-06-09 14:00:00+05:30,1447.0,1447.5,1447.0,1447.4,7741,0
2025-06-09 14:01:00+05:30,1447.2,1447.4,1447.2,1447.4,7536,0
2025-06-09 14:02:00+05:30,1447.3,1447.5,1447.3,1447.3,9193,0
2025-06-09 14:03:00+05:30,1447.3,1447.4,1447.1,1447.2,8842,0
2025-06-09 14:04:00+05:30,1447.1,1447.3,1446.9,1447.0,14221,0
2025-06-09 14:05:00+05:30,1447.0,1447.3,1446.9,1447.3,8033,0
2025-06-09 14:06:00+05:30,1447.2,1447.3,1447.0,1447.1,14355,0
2025-06-09 14:07:00+05:30,1447.1,1447.1,1447.0,1447.0,10688,0
2025-06-09 14:08:00+05:30,1447.0,1447.1,1446.9,1446.9,11574,0
2025-06-09 14:09:00+05:30,1447.0,1447.1,1446.8,1447.0,20807,0
2025-06-09 14:10:00+05:30,1447.1,1447.1,1447.0,1447.0,15520,0
2025-06-09 14:11:00+05:30,1447.0,1447.1,1447.0,1447.1,15495,0
2025-06-09 14:12:00+05:30,1447.1,1447.1,1446.8,1446.8,9832,0
2025-06-09 14:13:00+05:30,1446.9,1447.0,1446.7,1446.8,12288,0
2025-06-09 14:14:00+05:30,1446.7,1446.8,1445.9,1446.0,44483,0
2025-06-09 14:15:00+05:30,1446.0,1446.4,1445.4,1445.5,17223,0
2025-06-09 14:16:00+05:30,1445.5,1446.0,1445.3,1445.8,16642,0
2025-06-09 14:17:00+05:30,1445.8,1446.2,1445.5,1446.2,18464,0
2025-06-09 14:18:00+05:30,1446.1,1446.5,1446.1,1446.5,10596,0
2025-06-09 14:19:00+05:30,1446.4,1447.0,1446.4,1447.0,9404,0
2025-06-09 14:20:00+05:30,1446.8,1447.4,1446.8,1447.3,14021,0
2025-06-09 14:21:00+05:30,1447.1,1447.3,1446.7,1446.7,23790,0
2025-06-09 14:22:00+05:30,1446.8,1446.8,1446.7,1446.8,9088,0
2025-06-09 14:23:00+05:30,1446.7,1446.8,1446.2,1446.4,14382,0
2025-06-09 14:24:00+05:30,1446.4,1446.8,1445.7,1445.9,24274,0
2025-06-09 14:25:00+05:30,1446.2,1447.0,1445.9,1446.9,13474,0
2025-06-09 14:26:00+05:30,1446.8,1446.9,1446.5,1446.7,12261,0
2025-06-09 14:27:00+05:30,1446.6,1447.0,1446.6,1446.9,11740,0
2025-06-09 14:28:00+05:30,1447.0,1448.0,1446.9,1447.8,28457,0
2025-06-09 14:29:00+05:30,1447.8,1448.0,1447.6,1448.0,12634,0
2025-06-09 14:30:00+05:30,1448.0,1448.7,1447.9,1448.6,18930,0
2025-06-09 14:31:00+05:30,1448.6,1448.8,1448.5,1448.5,13065,0
2025-06-09 14:32:00+05:30,1448.6,1448.7,1447.8,1447.8,24030,0
2025-06-09 14:33:00+05:30,1447.7,1447.9,1447.0,1447.4,13688,0
2025-06-09 14:34:00+05:30,1447.3,1447.5,1447.0,1447.5,11818,0
2025-06-09 14:35:00+05:30,1447.5,1448.4,1447.3,1447.8,35813,0
2025-06-09 14:36:00+05:30,1448.3,1448.5,1447.8,1448.1,11040,0
2025-06-09 14:37:00+05:30,1448.0,1448.1,1447.8,1448.0,17367,0
2025-06-09 14:38:00+05:30,1447.8,1448.2,1447.7,1447.8,19030,0
2025-06-09 14:39:00+05:30,1447.8,1448.3,1447.6,1448.0,13661,0
2025-06-09 14:40:00+05:30,1448.0,1448.1,1447.7,1448.1,6647,0
2025-06-09 14:41:00+05:30,1448.1,1448.3,1447.9,1448.3,12352,0
2025-06-09 14:42:00+05:30,1448.3,1448.5,1448.0,1448.3,16354,0
2025-06-09 14:43:00+05:30,1448.3,1448.3,1448.0,1448.3,11286,0
2025-06-09 14:44:00+05:30,1448.3,1448.3,1448.0,1448.2,11577,0
2025-06-09 14:45:00+05:30,1448.2,1448.3,1448.1,1448.3,13212,0
2025-06-09 14:46:00+05:30,1448.3,1448.4,1448.0,1448.1,14364,0
2025-06-09 14:47:00+05:30,1448.0,1448.1,1448.0,1448.0,10989,0
2025-06-09 14:48:00+05:30,1448.1,1448.1,1447.7,1447.7,18365,0
2025-06-09 14:49:00+05:30,1447.8,1447.8,1447.2,1447.3,25855,0
2025-06-09 14:50:00+05:30,1447.3,1447.3,1447.0,1447.1,12815,0
2025-06-09 14:51:00+05:30,1447.0,1447.2,1447.0,1447.1,15838,0
2025-06-09 14:52:00+05:30,1447.1,1447.3,1446.9,1447.1,20222,0
2025-06-09 14:53:00+05:30,1447.1,1447.8,1447.0,1447.4,15610,0
2025-06-09 14:54:00+05:30,1447.3,1447.5,1447.2,1447.3,11708,0
2025-06-09 14:55:00+05:30,1447.3,1447.3,1447.0,1447.1,19931,0
2025-06-09 14:56:00+05:30,1447.1,1447.2,1447.0,1447.0,18511,0
2025-06-09 14:57:00+05:30,1447.0,1447.1,1447.0,1447.1,13785,0
2025-06-09 14:58:00+05:30,1447.1,1447.1,1446.7,1447.0,21799,0
2025-06-09 14:59:00+05:30,1447.0,1447.9,1446.9,1447.9,18661,0
2025-06-09 15:00:00+05:30,1447.8,1448.6,1447.4,1448.3,71755,0
2025-06-09 15:01:00+05:30,1448.3,1448.3,1448.1,1448.3,26414,0
2025-06-09 15:02:00+05:30,1448.3,1448.8,1448.2,1448.6,36526,0
2025-06-09 15:03:00+05:30,1448.5,1449.0,1448.3,1448.7,28684,0
2025-06-09 15:04:00+05:30,1448.6,1449.0,1448.6,1448.9,33487,0
2025-06-09 15:05:00+05:30,1448.9,1449.7,1448.9,1449.3,43613,0
2025-06-09 15:06:00+05:30,1449.2,1449.5,1449.0,1449.1,32095,0
2025-06-09 15:07:00+05:30,1449.0,1449.6,1449.0,1449.4,42515,0
2025-06-09 15:08:00+05:30,1449.2,1449.5,1448.7,1448.7,66415,0
2025-06-09 15:09:00+05:30,1448.7,1450.0,1448.0,1449.0,85511,0
2025-06-09 15:10:00+05:30,1448.9,1449.1,1448.5,1448.6,27196,0
2025-06-09 15:11:00+05:30,1448.5,1448.9,1448.5,1448.7,30921,0
2025-06-09 15:12:00+05:30,1448.6,1449.0,1448.6,1448.9,27393,0
2025-06-09 15:13:00+05:30,1448.9,1449.1,1448.8,1448.8,44153,0
2025-06-09 15:14:00+05:30,1448.8,1450.0,1448.8,1449.1,61211,0
2025-06-09 15:15:00+05:30,1449.1,1449.3,1448.9,1449.2,26534,0
2025-06-09 15:16:00+05:30,1449.2,1449.5,1449.1,1449.1,33507,0
2025-06-09 15:17:00+05:30,1449.1,1449.3,1448.9,1449.1,35225,0
2025-06-09 15:18:00+05:30,1449.0,1449.3,1448.8,1449.0,31118,0
2025-06-09 15:19:00+05:30,1449.0,1449.1,1448.5,1448.6,35020,0
2025-06-09 15:20:00+05:30,1448.6,1449.3,1448.3,1448.8,53318,0
2025-06-09 15:21:00+05:30,1448.8,1449.1,1448.5,1448.6,23714,0
2025-06-09 15:22:00+05:30,1448.7,1448.9,1448.4,1448.8,40124,0
2025-06-09 15:23:00+05:30,1448.8,1449.2,1448.7,1449.1,41623,0
2025-06-09 15:24:00+05:30,1449.1,1449.2,1447.3,1448.8,66357,0
2025-06-09 15:25:00+05:30,1448.8,1449.0,1448.4,1448.6,27439,0
2025-06-09 15:26:00+05:30,1448.6,1448.8,1448.1,1448.1,32684,0
2025-06-09 15:27:00+05:30,1448.3,1448.5,1447.8,1448.0,29417,0
2025-06-09 15:28:00+05:30,1448.1,1448.6,1447.8,1448.2,31056,0
2025-06-09 15:29:00+05:30,1448.2,1448.5,1447.1,1447.2,9858,0
